{"assets/configurations/configurations.json":["assets/configurations/configurations.json"],"assets/houzi_images/houzi_home/ads/ads.png":["assets/houzi_images/houzi_home/ads/ads.png"],"assets/houzi_images/houzi_home/agencies/country_house_real_estate.jpg":["assets/houzi_images/houzi_home/agencies/country_house_real_estate.jpg"],"assets/houzi_images/houzi_home/agencies/modern_house_real_estate.jpg":["assets/houzi_images/houzi_home/agencies/modern_house_real_estate.jpg"],"assets/houzi_images/houzi_home/agents/brittany_watkins.jpg":["assets/houzi_images/houzi_home/agents/brittany_watkins.jpg"],"assets/houzi_images/houzi_home/agents/michelle_ramirez.jpg":["assets/houzi_images/houzi_home/agents/michelle_ramirez.jpg"],"assets/houzi_images/houzi_home/app_bar/sliver_app_bar.png":["assets/houzi_images/houzi_home/app_bar/sliver_app_bar.png"],"assets/houzi_images/houzi_home/explore_by/cities/chicago.jpg":["assets/houzi_images/houzi_home/explore_by/cities/chicago.jpg"],"assets/houzi_images/houzi_home/explore_by/cities/lahore.jpg":["assets/houzi_images/houzi_home/explore_by/cities/lahore.jpg"],"assets/houzi_images/houzi_home/explore_by/cities/los_angeles.jpg":["assets/houzi_images/houzi_home/explore_by/cities/los_angeles.jpg"],"assets/houzi_images/houzi_home/explore_by/cities/miami.jpg":["assets/houzi_images/houzi_home/explore_by/cities/miami.jpg"],"assets/houzi_images/houzi_home/explore_by/types/apartment.jpg":["assets/houzi_images/houzi_home/explore_by/types/apartment.jpg"],"assets/houzi_images/houzi_home/explore_by/types/multi_family_home.jpg":["assets/houzi_images/houzi_home/explore_by/types/multi_family_home.jpg"],"assets/houzi_images/houzi_home/explore_by/types/office.jpg":["assets/houzi_images/houzi_home/explore_by/types/office.jpg"],"assets/houzi_images/houzi_home/explore_by/types/shop.jpg":["assets/houzi_images/houzi_home/explore_by/types/shop.jpg"],"assets/houzi_images/houzi_home/properties/featured_properties.png":["assets/houzi_images/houzi_home/properties/featured_properties.png"],"assets/houzi_images/houzi_home/properties/latest_properties.png":["assets/houzi_images/houzi_home/properties/latest_properties.png"],"assets/houzi_images/houzi_home/properties/properties_by_type.png":["assets/houzi_images/houzi_home/properties/properties_by_type.png"],"assets/houzi_images/houzi_home/properties/properties_in_cities.png":["assets/houzi_images/houzi_home/properties/properties_in_cities.png"],"assets/houzi_images/houzi_home/properties_designs/item_design_01.png":["assets/houzi_images/houzi_home/properties_designs/item_design_01.png"],"assets/houzi_images/houzi_home/properties_designs/item_design_02.png":["assets/houzi_images/houzi_home/properties_designs/item_design_02.png"],"assets/houzi_images/houzi_home/properties_designs/item_design_03.png":["assets/houzi_images/houzi_home/properties_designs/item_design_03.png"],"assets/houzi_images/houzi_home/properties_designs/item_design_04.png":["assets/houzi_images/houzi_home/properties_designs/item_design_04.png"],"assets/houzi_images/houzi_home/properties_designs/item_design_05.png":["assets/houzi_images/houzi_home/properties_designs/item_design_05.png"],"assets/houzi_images/houzi_home/properties_designs/item_design_06.png":["assets/houzi_images/houzi_home/properties_designs/item_design_06.png"],"assets/houzi_images/houzi_home/properties_designs/item_design_07.png":["assets/houzi_images/houzi_home/properties_designs/item_design_07.png"],"assets/houzi_images/houzi_home/properties_designs/item_design_08.png":["assets/houzi_images/houzi_home/properties_designs/item_design_08.png"],"assets/houzi_images/houzi_home/realtors/agencies.png":["assets/houzi_images/houzi_home/realtors/agencies.png"],"assets/houzi_images/houzi_home/realtors/agents.png":["assets/houzi_images/houzi_home/realtors/agents.png"],"assets/houzi_images/houzi_home/recent_searches/recent_searches.png":["assets/houzi_images/houzi_home/recent_searches/recent_searches.png"],"assets/houzi_images/houzi_home/term_designs/city_term_design01.png":["assets/houzi_images/houzi_home/term_designs/city_term_design01.png"],"assets/houzi_images/houzi_home/term_designs/city_term_design02.png":["assets/houzi_images/houzi_home/term_designs/city_term_design02.png"],"assets/houzi_images/houzi_home/term_designs/property_type_term_design01.png":["assets/houzi_images/houzi_home/term_designs/property_type_term_design01.png"],"assets/houzi_images/houzi_home/term_designs/property_type_term_design02.png":["assets/houzi_images/houzi_home/term_designs/property_type_term_design02.png"],"assets/houzi_images/houzi_property_profile/address_map.png":["assets/houzi_images/houzi_property_profile/address_map.png"],"assets/houzi_images/houzi_property_profile/agency_image.jpg":["assets/houzi_images/houzi_property_profile/agency_image.jpg"],"assets/houzi_images/houzi_property_profile/dummy_image_01.jpg":["assets/houzi_images/houzi_property_profile/dummy_image_01.jpg"],"assets/houzi_images/houzi_property_profile/dummy_image_02.jpg":["assets/houzi_images/houzi_property_profile/dummy_image_02.jpg"],"assets/houzi_images/houzi_property_profile/dummy_image_03.jpg":["assets/houzi_images/houzi_property_profile/dummy_image_03.jpg"],"assets/houzi_images/houzi_property_profile/dummy_image_04.jpg":["assets/houzi_images/houzi_property_profile/dummy_image_04.jpg"],"assets/houzi_images/houzi_property_profile/reviews.png":["assets/houzi_images/houzi_property_profile/reviews.png"],"assets/houzi_images/houzi_style/dummy_property_image.jpg":["assets/houzi_images/houzi_style/dummy_property_image.jpg"],"assets/item_design_images/design_01.png":["assets/item_design_images/design_01.png"],"assets/item_design_images/design_02.png":["assets/item_design_images/design_02.png"],"assets/item_design_images/design_03.png":["assets/item_design_images/design_03.png"],"assets/item_design_images/design_04.png":["assets/item_design_images/design_04.png"],"assets/item_design_images/design_05.png":["assets/item_design_images/design_05.png"],"assets/item_design_images/design_06.png":["assets/item_design_images/design_06.png"],"assets/item_design_images/design_07.png":["assets/item_design_images/design_07.png"],"assets/item_design_images/design_08.png":["assets/item_design_images/design_08.png"],"assets/localization/ar_localization.json":["assets/localization/ar_localization.json"],"assets/localization/en_localization.json":["assets/localization/en_localization.json"],"assets/localization/fr_localization.json":["assets/localization/fr_localization.json"],"assets/localization/ur_localization.json":["assets/localization/ur_localization.json"],"assets/localization/zh_localization.json":["assets/localization/zh_localization.json"],"packages/cupertino_icons/assets/CupertinoIcons.ttf":["packages/cupertino_icons/assets/CupertinoIcons.ttf"]}