{
  "First Price": "የጥሪ ዋጋ",
  "Second Price": "መሸጫ ዋጋ",
  "Property Status": "ንብረቱ የቀረበው",
  "Property Unique ID": "የንብረት መለያ ኮድ",
  "Pool Size": "የመዋኛ ገንዳ መጠን",
  "deposit": "ተቀማጭ",
  "Last remodel year": "ለመጨረሻ ጊዜ የታደሰው",
  "Amenities": "የተካተቱ ተፈላጊ ነገሮች",
  "Additional Rooms:": "ተጨማሪ ክፍሎች",
  "Equipment": "መጠቀሚያ ቁሳቁሶች",
  "Air Conditioning": "የአየር ማሞቂያ እና ማቀዝቀዣ",
  "Microwave" : "ማይክሮዌቭ",
  "Broadband": "ብሮድባንድ ኢንተርኔት",
  "Intercom": "ኢንተርኮም",
  "Pay Tv": "በክፍያ የሚሰራ ቲቪ",
  "Pool": "ፑል",
  "Security System": "የደህንነት መጠበቂያ",
  "Swimming Pool": "የመዋኛ ገንዳ",
  "TV Cable": "የቲቪ ወይም የዲሽ ገመድ ",
  "WiFi": "ዋይፋአይ",
  "Gym": "ጂም",
  "First Floor": "የመጀመሪያ ወለል",
  "Second Floor": "ሁለተኛ ወለል",
  "Barbeque": "ባርቢኪው",
  "Dryer": "ማድረቂያ",
  "Laundry": "ላውንደሪ",
  "Lawn": "በሳር የተዋበ መናፈሻ ቦታ",
  "Outdoor Shower": "የውጭ ሻወር",
  "Refrigerator": "ማቀዝቀዣ",
  "Sauna": "ሳውና",
  "Washer": "ማጠቢያ",
  "Window Coverings": "የመስኮት መሸፈኛ",
  "Property ID": "የንብረት መለያ ኮድ",
  "Price": "ዋጋ",
  "Property Type": "የንብረት ዓይነት",
  "Bedrooms": "መኝታ ቤት",
  "Bathrooms": "መታጠቢያ ቤት",
  "Garage": "መኪና ማቆሚያ",
  "Garage Size": "የመኪና ማቆሚያ ስፋት",
  "Year Built": "የተሠራበት ዓም",
  "Property Size": "የንብረት ስፋት",


  "Apartment": "አፓርትመንት",
  "Commercial": "ለንግድ",
  "Condo": "ኮንዶሚኒየም",
  "Multi Family Home": "ለትልቅ ቤተሰብ የሚሆን ቤት",
  "Office": "ቢሮ",
  "Residential": "ለመኖሪያ",
  "Shop": "ሱቅ",
  "Single Family Home": "ለአንድ ቤተሰብ የሚሆን ቤት",
  "Studio": "ስቱዱዮ",
  "Land": "መሬት",
  "Warehouse": "መጋዘን",
  "Villa": "ቪላ",


  "Hot Offer": "ታላቅ ቅናሽ",
  "Open House": "ለጉብኝት ክፍት የሆነ ቤት",
  "Sold": "የተሸጠ",
  "Urgent": "አስቸኳይ",

  "Buy": "ግዢ",
  "For Rent": "የሚከራይ",
  "For Sale": "የሚሸጥ",
  "Foreclosures": "በሃራጅ የሚሸጥ",
  "New Construction": "አዲስ የተገነባ",
  "New Listing": "አዲስ የተለጠፈ",
  "Reduced Price": "ዋጋ ቅናሽ የተደረገበት",
  "Resale": "በድጋሚ ለሽያጭ የቀረበ",


  "Grid": "ፍርግርግ",
  "List": "ዝርዝር",
  "Map": "ካርታ",
  "Filter": "ማጣሪያ",
  "Sort": "ደርድር",
  "Save": "አስቀምጥ",

  "Newest": "አዲስ",
  "Oldest": "የቆየ",
  "Price (low to high)": "ዋጋ (ከዝቅተኛ ወደ ከፍተኛ)",
  "Price (high to low)": "ዋጋ (ከከፍተኛ ወደ ዝቅተኛ)",

  "Featured Properties": "ተለይተው የቀረቡ ንብረቶች",
  "Latest Properties": "አዳዲስ ንብረቶች",
  "in_": "በ",
  "Explore Cities": "በከተሞች ይፈልጉ",
  "Explore by Type": "በንብረት ዓይነት ይፈልጉ",
  "Meet Our Agents": "ኤጀንቶቻችንን ያነጋግሩ",
  "Meet Our Agencies": "ኤጀንሲያችንን ያነጋግሩ",
  "Recent Searches": "በቅርብ የተደረጉ ፍለጋዎች",

  "I want to": "የምፈልገው",
  "Property Types": "የንብረት ዓይነቶች",
  "Area range": "የቦታ መጠን (ከ ... እስከ)",
  "Price range": "የዋጋ መጠን (ከ ... እስከ)",
  "Latest properties in": "አዳዲስ ንብረቶች ",
  "All": "ሁሉም",

  "In Person": "በአካል",
  "Video Chat": "ቪዲዮ ቻት",

  "I am a Buyer": "ገዢ ነኝ",
  "I am a Tenant": "ተከራይ ነኝ",
  "I am a Agent": "ኤጀንት ነኝ",
  "Others": "ሌላ",

  "Keyword": "መፈለጊያ ቃል",
  "Rent": "ኪራይ",
  "Sell": "ሽያጭ",
  "Property Management": "ንብረት ማስተዳደር",

  "for-rent": "የሚከራይ",
  "for-sale": "የሚሸጥ",


  "add_user": "Add User",
  "log_in_phone": "Continue with Phone",

  "add_user": "Add User",

  "log_in_phone": "Continue with Phone",
  "send_otp": "Send OTP",
  "otp_sent": "OTP is sent to your number",
  "otp_verification": "OTP Verification",
  "add_property_map_additional_hint" : "ትክክለኛውን ቦታ ለመምረጥ በካርታው ላይ ይንኩ",
  "search_property" : "Search property"
}