{
  "First Price": "السعر الأول",
  "Second Price": "السعر الثاني",
  "Property Status": "حالة العقار",
  "Property Unique ID": "الرقم التعريفي الفريد للعقار",
  "Pool Size": "حجم المسبح",
  "deposit": "إيداع",
  "Last remodel year": "سنة الترميم",
  "Amenities": "الخدمات",
  "Additional Rooms:": "الغرف الإضافية",
  "Equipment": "المعدات",
  "Air Conditioning": "التكييف",
  "Microwave" : "ميكرويف",
  "Broadband": "الممر",
  "Intercom": "إنتركوم",
  "Pay Tv": "قنوات مدفوعة الثمن",
  "Pool": "مسبح",
  "Security System": "نظام أمني",
  "Swimming Pool": "مسبح",
  "TV Cable": "كبل تلفاز",
  "WiFi": "وايفاي",
  "Gym": "صالة رياضية",
  "First Floor": "الطابق الأول",
  "Second Floor": "الطابق الثاني",
  "Barbeque": "شواية",
  "Dryer": "نشافة",
  "Laundry": "مكوى",
  "Lawn": "عشب",
  "Outdoor Shower": "حمام خارجي",
  "Refrigerator": "ثلاجة",
  "Sauna": "ساونا",
  "Washer": "غسالة",
  "Window Coverings": "ستائر النوافذ",
  "Property ID": "كود للعقار",
  "Price": "السعر",
  "Property Type": "نمط العقار",
  "Bedrooms": "غرف النوم",
  "Bathrooms": "الحمامات",
  "Garage": "موقف السيارات",
  "Garage Size": "حجم موقف السيارات",
  "Year Built": "سنة البناء",
  "Property Size": "المساحة",

  "Balcony": "البلكون",
  "Kitchen set": "طقم مطبخ",
  "Security Camera": "كاميرا الأمن",


  "Apartment": "شقة",
  "Commercial": "تجاري",
  "Condo": "شقة في عمارة",
  "Multi Family Home": "منزل عدة عائلات",
  "Office": "مكتب",
  "Residential": "سكني",
  "Shop": "متجر",
  "Single Family Home": "منزل عائلة واحدة",
  "Studio": "ستوديو",
  "Villa": "فيلا",



  "Hot Offer": "عرض خاص",
  "Open House": "فتح المنزل",
  "Sold": "مباع",

  "Buy": "شراء",
  "For Rent": "للإيجار",
  "For Sale": "للبيع",
  "Foreclosures": "رهن",
  "New Construction": "بناء جديد",
  "New Listing": "عقار جديد",
  "Reduced Price": "سعر مخفض",
  "Resale": "إعادة البيع",


  "Grid": "شبكة",
  "List": "قائمة",
  "Map": "خريطة",
  "Filter": "فلتر",
  "Sort": "فرز",
  "Save": "حفظ",
  "Save Search": "حفظ البحث",

  "Newest": "الأحدث",
  "Oldest": "الاقدم",
  "Price (low to high)": "السعر من الارخص الى الاغلى",
  "Price (high to low)": "السعر الاغلى الى الارخص",

  "Featured Properties": "عقار مميز",
  "Latest Properties": "أحدث العقارات",
  "in_": "في",
  "Explore Cities": "اكتشف المدن",
  "Explore By Type": "اكتشف حسب النوع",
  "Meet Our Agents": "قابل وكلائنا",
  "Meet Our Agencies": "تعرف على وكالاتنا",
  "Recent Searches": "عمليات البحث الأخيرة",

  "I want to": "أريد أن",
  "Property Types": "أنواع العقارات",
  "Area range": "نطاق المنطقة",
  "Price range": "نطاق السعر",
  "Latest properties in": "أحدث العقارات في",
  "All": "الجميع",

  "In Person": "شخصيا",
  "Video Chat": "دردشة الفيديو",

  "I am a Buyer": "أنا مشتر",
  "I am a Tenant": "أنا مستأجر",
  "I am a Agent": "انا وكيل",
  "Others": "آحرون",

  "Keyword": "الكلمة الرئيسية",







  "language": "العربیہ",
  "search": "بحث",
  "location": "الموقع",
  "please_select": "يرجى الاختيار",
  "buy": "شراء",
  "rent": "استئجار",
  "featured_properties": "عقارات المميزة",
  "latest_properties": "آخر العقارات",
  "latest_properties_in_city": "آخر العقارات في {city_name}",
  "@latest_properties_in_city": {
    "description": "اسم المدينة",
    "placeholders": {
      "city_name": {
        "type": "String"
      }
    }
  },
  "explore_cities": "استكشاف المدن",
  "explore_by_type": "الاستكشاف حسب النمط",
  "meet_our_real_estate_agents": "قابل وكلاءنا في العقارات",
  "meet_our_real_estate_agencies": "قابل وكالاتنا في العقارات",
  "quick_add_property": "إضافة العقار بسرعة",
  "property_title": "عنوان العقار",
  "property_title_cannot_be_empty": "لا يمكن أن يكون عنوان العقار فارغاً!",
  "enter_your_property_title": "أدخل عنوان عقارك",
  "content": "المحتوى",
  "property_description_cannot_be_empty": "لا يمكن أن يكون وصف العقار فارغاً!",
  "description": "الوصف",
  "Description": "الوصف",
  "sale_or_rent_price": "سعر البيع أو الإيجار",
  "enter_the_price": "أدخل السعر",
  "price_field_cannot_be_empty": "لا يمكن أن يكون حقل السعر فارغاً!",
  "area_size": "المساحة",
  "area_size_cannot_be_empty": "لا يمكن أن يكون حقل المساحة فارغاً!",
  "enter_area_size": "أدخل المساحة",
  "only_digits": "يسمح بالأرقام فقط",
  "size_postfix": "الملحق ",
  "area_size_postfix_cannot_be_empty": "لا يمكن أن يكون حقل مساحة الملحق فارغاً!",
  "enter_size_postfix": "أدخل حجم الملحق",
  "for_example_Sq_Ft": "مثلاً: قدم مربعة",
  "bedrooms": "غرف النوم",
  "bathrooms": "الحمامات",
  "select_and_upload": "اختيار وتحميل",
  "upload_media": "تحميل الوسائط",
  "click_on_the_star_icon_to_select_the_cover_image": "انقر على رمز النجمة لاختيار صورة الغلاف.",
  "you_have_reached_the_limit": "لقد وصلت إلى الحد الأقصى",
  "agreement_upload_property": "أوافق على جعل هذا الموقع الإلكتروني موقعاً لتخزين بياناتي المقدمة، لقراءة مزيد من المعلومات أدناه:",
  "please_accept_terms_text": "يرجى الموافقة على الشروط والأحكام",
  "add_property": "إضافة عقار",
  "your_property_is_being_uploaded": "تم تحميل عقاري!",
  "you_are_not_logged_in": "لم تسجل الدخول لإضافة هذا العقار!\nسيتم تحميل عقارك بعد تسجيل الدخول",
  "login": "تسجيل الدخول",
  "activities": "الأنشطة",
  "leads": "معلومات اضافية",
  "last_24_hours": "آخر 24 ساعة",
  "last_7_days": "آخر 7 أيام",
  "last_30_days": "آخر 30 يوماً",
  "deals": "الصفقات",
  "active": "نشط",
  "won": "ربح",
  "lost": "خسر",
  "new_lead": "معلومات اضافية جديدة",
  "from": " من",
  "name": "الاسم",
  "email": "البريد الإلكتروني",
  "phone": "الهاتف",
  "type": "النوع",
  "setting_and_privacy": "الإعدادات والخصوصية",
  "demo_configuration": "التشكيل التجريبي",
  "enter_your_own_wordpress": "أدخل عنوان رابط موقع الكتروني الخاص بك لاختبار هذا التطبيق (يتطلب الأمر إضافة واجهة مستخدم هاتف ئايلاند)",
  "enter_your_wordpress_url": "ادخل رابط موقع الكتروني",
  "cancel": "إلغاء",
  "save": "حفظ",
  "this_app_requires_plugin": "يتطلب هذا التطبيق أداة إضافية تحتاج إلى تحميلها على موقع الكتروني. الإضافة المطلوبة مفقودة، يرجى التحميل من الرابط التالي",
  "ok": "حسناً",
  "item_theme_design": "تصميم سمة العنصر",
  "customise_your_item_theme_design": "تخصيص تصميم سمة عنصرك.",
  "explore_by_type_theme_design": "الاستكشاف حسب تصميم سمة النمط",
  "preference": "التفضيل",
  "customise_your_experience_on_app": "تخصيص خبرتك على {.}.",
  "@customise_your_experience_on_app": {
    "description": "اسم التطبيق هنا",
    "placeholders": {
      "app_name": {
        "type": "String"
      }
    }
  },
  "dark_mode": "النمط الداكن",
  "community_standards_and_legal_policies": "المعايير المجتمعية والسياسات القانونية",
  "terms_and_conditions": "الشروط والأحكام",
  "privacy_policy": "سياسة الخصوصية",
  "about": "من نحن",
  "item_design_is_successfully_updated": "تم تحديث تصميم العنصر بنجاح",
  "explore_by_type_is_successfully_updated": "استكشف حسب سمة النمط  \n تم تحديث النمط بنجاح",
  "edit": "تعديل",
  "delete": "حذف",
  "action": "الفعل",
  "inquiries": "الاستفسارات",
  "inquiry_detail": "تفاصيل الاستفسار",
  "id": "كود",
  "contact": "جهة الاتصال",
  "listing_type": "نوع القائمة",
  "price": "السعر",
  "built_up": "مدمج",
  "property_type": "نوع العقار",
  "message": "الرسالة",
  "matching_list": "قائمة التطابق",
  "view": "عرض",
  "inquiry_delete_successfully": "تم حذف الاستفسار بنجاح",
  "error_occurred": "حدث خطأ",
  "inquiry_form": "صيغة الاستفسار",
  "enter_the_deal_title": "أدخل عنوان الصفقة",
  "this_field_cannot_be_empty": "لا يمكن أن يكون هذا الحقل فارغاً!",
  "information": "المعلومات",
  "select": "اختيار",
  "address": "العنوان",
  "Address": "العنوان",
  "country": "الدولة",
  "enter_the_country": "أدخل الدولة",
  "states": "الولايات",
  "enter_the_states": "أدخل الولاية",
  "city": "المدينة",
  "enter_the_city": "أدخل المدينة",
  "area": "المنطقة",
  "enter_the_area": "أدخل المنطقة",
  "zip_code": "الرمز البريدي",
  "enter_the_zip_code": "أدخل الرمز البريدي",
  "private_note": "ملاحظة خاصة",
  "added_successfully": "تمت الإضافة بنجاح",
  "submit": "ارسال",
  "max_price": "السعر الأقصى",
  "enter_the_max_price": "أدخل السعر الأقصى",
  "minimum_size": "المساحة الادنى ",
  "enter_the_min_size": "أدخل المساحة الادنى (بالأقدام المربعة)",
  "contact_name": "اسم جهة الاتصال",
  "agent": "الوكيل",
  "no_result_found": "لا توجد نتائج",
  "oops_activities_not_exist": "عذراً! يبدو أن الأنشطة التي تحاول الوصول إليها غير موجودة.",
  "oops_inquiries_not_exist": "عذراً! يبدو أن التساؤلات التي تحاول الوصول إليها غير موجودة.",
  "oops_deals_not_exist": "عذراً! يبدو أن الصفقات التي تحاول الوصول إليها غير موجودة.",
  "oops_leads_not_exist": "عذراً! يبدو أن معلومات اضافية التي تحاول الوصول إليها غير موجودة.",
  "go_back": "العودة إلى الوراء",
  "add_new_deal": "أضف صفقة جديدة",
  "title": "العنوان",
  "deal_value": "قيمة الصفقة",
  "enter_the_deal_value": "أدخل قيمة الصفقة",
  "group": "المجموعة",
  "deal_has_been_added": "تمت إضافة الصفقة",
  "lead_form": "صيغة معلومات اضافية",
  "first_name": "الاسم الأول",
  "last_name": "الاسم الأخير",
  "enter_first_name": "أدخل الاسم الأول",
  "enter_last_name": "أدخل الاسم الأخير",
  "enter_email_address": "أدخل عنوان البريد الإلكتروني",
  "enter_mobile_address": "أدخل رقم الجوال",
  "enter_home_number": "أدخل رقم هاتف المنزل",
  "enter_work_number": "أدخل رقم هاتف العمل",
  "enter_the_address": "أدخل العنوان",
  "mobile": "رقم الجوال",
  "home_number": "رقم هاتف المنزل",
  "work_number": "رقم هاتف العمل",
  "source": "المصدر",
  "social": "وسائل التواصل الاجتماعي",
  "facebook": "فيسبوك",
  "twitter": "تويتر",
  "linkedIn": "لينكد إن",
  "instagram": "انستغرام",
  "youtube": "يوتيوب",
  "pinterest": "بينتيريست",
  "vimeo": "فيميو",
  "skype": "سكايب",
  "website": "موقع إلكتروني",
  "enter_facebook_profile_url": "أدخل رابط حساب الفيسبوك",
  "enter_twitter_profile_url": "أدخل رابط حساب تويتر",
  "enter_linkedIn_profile_url": "أدخل رابط حساب اللينكد إن",
  "enter_instagram_profile_url": "أدخل رابط حساب انستغرام",
  "inquiry_type": "نمط التساؤل",
  "deal_detail": "تفاصيل الصفقة",
  "deal_deleted": "تم حذف الصفقة",
  "last_contact_date": "تاريخ آخر تواصل",
  "action_due_date": "التاريخ النهائي للفعل",
  "next_action": "الفعل التالي",
  "status": "الحالة",
  "all_properties": "جميع العقارات",
  "admin": "الادارة",
  "properties": "العقارات",
  "properties_by_user": "العقارات حسب المستخدم",
  "delete_property": "حذف العقار",
  "put_on_hold": "وضع في الانتظار",
  "publish_property": "نشر العقار",
  "no_properties_error_message_search_by_id": "عذراً! يبدو أن العقار الذي تحاول البحث عنه غير موجود. حاول استخدام كود مختلف للعقار",
  "no_properties_error_message_filter_page_search": "عذراً! يبدو أن العقار الذي تحاول البحث عنه غير موجود. يرجى استخدام إعدادات تصفية مختلفة",
  "no_properties_error_message": "لم يقم المستخدم بإضافة عقارات بعد",
  "no_recent_properties_error_message": "أنت لم تبحث عن أي ممتلكات",
  "select_location": "اختيار موقع",
  "filters": "عوامل الفلتر",
  "price_range": "مجال السعر",
  "change_currency": "تغيير العملة",
  "area_range": "مجال المساحة",
  "change_area_unit": "تغيير وحدة المساحة",
  "i_want_to": "أريد أن",
  "reset": "إعادة الضبط",
  "enquire_information": "معلومات الاستفسار",
  "hello_i_am_interested_in": "مرحباً، أنا مهتم في {title} {url} {perma_link}",
  "@hello_i_am_interested_in": {
    "description": "مهتم بالعقار",
    "placeholders": {
      "title": {
        "type": "String"
      },
      "url": {
        "type": "String"
      },
      "perma_link": {
        "type": "String"
      }
    }
  },
  "email_capital": "البريد الإلكتروني",
  "call_capital": "اتصال",
  "share_the_news": "مشاركة الأخبار:",
  "details": "التفاصيل",
  "Details": "التفاصيل",
  "additional_details": "التفاصيل الإضافية",
  "less_details": "تفاصيل أقل",
  "more_details": "تفاصيل أكثر",
  "features": "الميزات",
  "Features": "الميزات",
  "read_less": "قراءة أقل",
  "read_more": "قراءة أكثر",
  "floor_plans": "خطط الطابق",
  "FloorPlans": "خطط الطابق",
  "contact_information": "معلومات التواصل",
  "Contact Information": "معلومات التواصل",
  "enquire_info": "معلومات الاستفسار",
  "setup_tour": "إعداد جولة تعريفية",
  "watch_video": "مشاهدة الفيديو",
  "virtual_tour_capital": "الجولة الافتراضية",
  "related_properties": "العقارات ذات الصلة",
  "Related Properties": "العقارات ذات الصلة",
  "message_sent_successfully": "تم إرسال الرسالة بنجاح",
  "tour_scheduled_successfully": "تمت جدولة الجولة بنجاح",
  "message_failed_to_send": "فشل إرسال الرسالة",
  "tour_failed_to_scheduled": "فشلت جدولة الجولة",
  "please_wait_data_is_loading": "يرجى الانتظار... يتم تحميل البيانات",
  "realtor_info": "معلومات السمسار",
  "agent_rating": "تقييم الوكيل",
  "license": "الرخصة:",
  "tax_number": "رقم الضريبة:",
  "service_areas": "مجالات الخدمة:",
  "specialties": "الاختصاصات:",
  "listings": "الملكيات",
  "agency": "الوكالة",
  "agents": "الوكلاء",
  "office": "المكتب:",
  "mobile_with_colon": "رقم الجوال:",
  "fax_with_colon": "فاكس:",
  "email_with_colon": "البريد الإلكتروني:",
  "realtor_message": "مرحباً  {user_name}، لقد رأيت ملفك التعريفي على {app_name} وأردت معرفة ما إذا كان بإمكاني الحصول على بعض المساعدة. {perma_link}",
  "@realtor_message": {
    "description": "اسم التطبيق",
    "placeholders": {
      "user_name": {
        "type": "String"
      },
      "app_name": {
        "type": "String"
      },
      "perma_link": {
        "type": "String"
      }
    }
  },
  "hi": "مرحباً",
  "send_email": "إرسال البريد الإلكتروني",
  "call": "اتصال",
  "more": "المزيد",
  "sort_by": "فرز حسب",
  "searching": "يتم الآن البحث...",
  "results": "النتائج",
  "Results": "النتائج",
  "help": "المساعدة",
  "your_name": "اسمك",
  "enter_your_name": "أدخل اسمك",
  "enter_your_phone_number": "أدخل رقم هاتفك",
  "enter_your_msg": "أدخل رسالتك ",
  "by_submitting_this_form_i_agree": "عند تقديم هذا النموذج فإنني أوافق",
  "to_the": " على",
  "terms_of_use": " شروط الاستخدام",
  "term_and_agreement_message": "عند تقديم هذا النموذج فإنني أوافق علی {terms_of_use}",
  "please_accept_terms_of_use": "يرجى الموافقة على شرط الاستخدام",
  "forgot_password": "نسيت كلمة المرور",
  "enter_the_email_address_or_user_name": "أدخل عنوان البريد الإلكتروني أو اسم المستخدم.",
  "user_name_email": "اسم المستخدم/البريد الإلكتروني",
  "enter_your_user_name_or_email_address": "أدخل اسم المستخدم أو عنوان البريد الإلكتروني الخاص بك",
  "confirmation_message_sent_to_your_email": "تم إرسال رسالة التأكيد إلى بريدك الإلكتروني",
  "invalid_username": "اسم مستخدم غير صالح",
  "user_profile": "ملف المستخدم",
  "user_Login_successfully": "تسجيل دخول المستخدم بنجاح",
  "user_login_failed": "فشل تسجيل دخول المستخدم!",
  "forgot_password_with_question_mark": "نسيت كلمة المرور؟",
  "sign_up_capital": "التسجيل",
  "do_not_have_an_account": "ليس لديك حساب؟",
  "enter_your_password": "أدخل كلمة مرورك",
  "password": "كلمة المرور",
  "login_capital": "تسجيل الدخول",
  "already_have_an_account": "لديك حساب بالفعل؟",
  "sign_up": "التسجيل",
  "user_already_registered": "تم تسجيل المستخدم بالفعل",
  "user_sign_up_successfully": "تسجيل المستخدم بنجاح",
  "i_accept_terms": "أوافق على الشروط",
  "select_your_account_type": "اختر نوع حسابك",
  "confirm_your_password": "تأكيد كلمة مرورك",
  "confirm_password": "تأكيد كلمة المرور",
  "enter_your_email_address": "أدخل عنوان بريدك الإلكتروني",
  "enter_your_user_name": "أدخل اسم المستخدم الخاص بك",
  "user_name": "اسم المستخدم",
  "gdpr_agreement": "اتفاقية GPDR",
  "i_consent_to_having_this_website_to_store_my_submitted_information_read_more_information": "أوافق على جعل هذا الموقع الإلكتروني مكاناً لتخزين معلوماتك المقدَّمة، اقرأ مزيد من المعلومات:",
  "property_information": "معلومات العقار",
  "i_am_a": "أنا ",
  "email_address": "عنوان البريد الإلكتروني",
  "your_message": "رسالتك",
  "contact_us": "اتصل بنا",
  "back": "رجوع",
  "upload_at_least_one_image": "يرجى تحميل صورة واحدة على الأقل",
  "next": "التالى",
  "please_accept_the_gdpr_agreement": "يرجى الموافقة على اتفاقية GDPR",
  "map": "الخريطة",
  "drag_and_drop_the_pin_on_map_to_find_exact_location": "اسحب وأفلت الدبوس على الخريطة لإيجاد الموقع الدقيق",
  "add_property_map_additional_hint" : "اضغط على الخريطة لتحديد الموقع الدقيق",
  "latitude": "خط العرض",
  "longitude": "خط الطول",
  "enter_address_longitude": "أدخل خط طول العنوان",
  "enter_address_latitude": "أدخل خط عرض العنوان",
  "address_star": "العنوان*",
  "enter_your_property_address": "أدخل عنوان عقارك",
  "what_information_do_you_want_to_display_in_agent_data_container": "ما هي المعلومات التي تريد عرضها في حاوية بيانات الوكلاء؟",
  "add_new": "إضافة جديد",
  "enter_year_built": "أدخل سنة البناء",
  "year_built": "سنة البناء",
  "for_example_hz_01": "مثلاً: HZ-01",
  "enter_property_id": "أدخل الرقم التعريفي للعقار",
  "property_id": "الرقم التعريفي للعقار",
  "enter_garage_size": "أدخل حجم الكراج",
  "garage_size": "حجم الكراج",
  "number_of_garages": "رقم موقف السيارات",
  "garages": "موقف السيارات",
  "enter_land_area": "أدخل مساحة الأرض",
  "land_area": "مساحة الأرض",
  "minimum_size_800_600_px": "_الحجم الأقل_800×600 بكسل)",
  "select_image": "اختر صورة",
  "plan_image": "صورة الخطة",
  "enter_the_plan_description": "أدخل وصف الخطة",
  "enter_the_plan_size": "أدخل مساحة الخطة",
  "plan_size": "مساحة الخطة",
  "enter_price_postfix": "أدخل ملحق السعر",
  "price_postfix": "ملحق السعر",
  "enter_the_plan_title": "أدخل عنوان الخطة",
  "plan_title": "عنوان الخطة",
  "enter_the_second_price": "أدخل السعر الثاني",
  "second_price_optional": "السعر الثاني (اختياري)",
  "for_example_monthly": "مثلاً: شهرياً",
  "enter_the_after_price": "أدخل ما بعد السعر",
  "after_the_price": "ما بعد السعر",
  "for_example_start_from": "مثلاً: بدءاً من",
  "enter_the_price_prefix": "أدخل بادئة السعر",
  "price_prefix": "بادئة السعر",
  "label": "ملصق",
  "for_example": "مثال",
  "youtube_vimeo_swf_file_and_mov_file_are_supported": "يتم دعم ملفات يوتيوب، فيميو، ملف SWF، ملف MOC",
  "video_url": "رابط الفيديو",
  "video": "الفيديو",
  "media": "الاستوديو",
  "fifty_files": "/50 ملفاً",
  "write_private_note_for_this_property_it_will_not_display_for_public": "اكتب ملاحظة خاصة لهذا العقار، لن تظهر للناس.",
  "enter_the_note_here": "أدخل الملاحظة هنا",
  "property_settings": "إعدادات العقار",
  "do_you_want_to_mark_this_property_as_featured": "هل تريد تعليم هذا العقار بأنه مفضَّل؟",
  "the_user_must_be_logged_in_to_view_this_property": "يجب أن يقوم المستخدم بتسجيل الدخول لعرض هذا العقار؟",
  "disclaimer": "الإفصاح",
  "sub_listings": "عقارات الفرعية",
  "Sub Listings": "عقارات الفرعية",
  "enter_the_date": "أدخل التاريخ",
  "availability_date": "تاريخ التوفر",
  "enter_property_type": "أدخل نوع العقار",
  "property_size": "مساحة العقار",
  "virtual_tour": "جولة افتراضية 360 ْ",
  "enter_virtual_tour_iframe_embedded_code": "أدخل رمز إطار الجولة الافتراضية",
  "dark_mode_settings": "إعدادات النمط الداكن",
  "use_system_settings": "استخدام إعدادات النظام",
  "we_ll_adjust_your_appearance_based_on_your_device_system_settings": "سنقوم بضبط المظهر لديك اعتماداً على إعدادات نظام جهازك.",
  "off": "إيقاف",
  "on": "تشغيل",
  "no_image_found": "لا توجد صورة",
  "no_plan_available": "عذراً! لم يتم العثور على صورة خطة طابق.",
  "schedule_a_tour": "اعداد جولة",
  "tour_type": "نوع الجولة",
  "date": "التاريخ",
  "select_tour_date": "اختر تاريخ الجولة",
  "select_tour_time": "اختر وقت الجولة",
  "your_information": "معلوماتك",
  "tour_information": "معلومات الجولة",
  "time": "الوقت",
  "wordpress_url_optional": "رابط الموقع (اختياري)",
  "enter_wordpress_url": "أدخل رابط الووردبرس",
  "web_example": "مثلاً:  http://booleanbites.com",
  "home": "الصفحة الرئيسية",
  "dashboard": "لوحة القيادة",
  "settings": "الإعدادات",
  "request_demo": "اطلب النسخة التجريبية",
  "log_out": "تسجيل الخروج",
  "please_enter_a_complete_url": "يرجى إدخال الرابط الكامل",
  "are_you_sure_you_want_to_log_out": "هل أنت متأكد من رغبتك في تسجيل الخروج؟",
  "yes": "نعم",
  "i_accept": "أوافق",
  "add_new_lead": "إضافة سلسلة جديدة",
  "add_new_inquiry": "إضافة استفسار جديد",
  "add_to_fav": "إضافة إلى المفضلة",
  "remove_from_fav": "إزالة من المفضلة",
  "data_loading": "يرجى الانتظار... يتم تحميل البيانات",
  "property_uploaded": "تم تحميل العقار",
  "view_property": "عرض العقار",
  "search_by_property_id": "ابحث حسب كود العقار",
  "go": "انتقل",
  "recent_searches": "آخر عمليات البحث",
  "lead_deleted": "تم حذف السلسلة",
  "favorites": "المفضلة",
  "delete_confirmation": "هل أنت متأكد من رغبتك في الحذف؟",
  "featured_tag": "مميزة",
  "title_property_types": "انواع العقار",
  "Featured": "مميزة",
  "done": "تم",
  "zero": "0",
  "to": "إلى",
  "any": "أي",
  "quick_edit": "تعديل سريع",
  "search_saved_successfully": "تم حفظ البحث بنجاح",
  "you_must_login": "يجب أن تقوم بتسجيل الدخول",
  "before_saving_search": " قبل حفظ البحث",
  "before_adding_to_favorites": " قبل الإضافة إلى المفضلة",
  "saved_searches": "عمليات البحث المحفوظة",
  "removed_from_saved_searches": "الإزالة من عمليات البحث المحفوظة",
  "show_less": "عرض أقل",
  "show_more": "عرض المزيد",
  "delete_lead": "حذف السلسلة",
  "delete_inquiry": "حذف التساؤل",
  "delete_deal": "حذف الصفقة",
  "uploading_image": "يتم تحميل الصورة",
  "press_again_to_exit": "اضغط مجدداً للخروج",
  "locations_text": "المواقع",
  "leave_a_review": "اترك تقييماً",
  "enter_a_title": "أدخل عنواناً",
  "write_a_review": "اكتب تقييماً",
  "review": "التقييم",
  "at_least_give_one_star": "أعط نجمة واحدة على الأقل",
  "before_leaving_a_review": " قبل ترك التقييم",
  "reviews": "التقييمات",
  "Reviews": "التقييمات",
  "see_more": "عرض المزيد",
  "tell_others_what_you_think": "أخبر الآخرين عن رأيك",
  "give_a_review": "أعط تقييماً",
  "retry": "إعادة المحاولة",
  "no_internet_connection": "لا يوجد اتصال بالإنترنت",
  "no_internet_connection_retry_again_message": "هناك مشكلة في الاتصال بالإنترنت. يرجى النقر على إعادة المحاولة للاتصال مجدداً.",
  "saved": "تم الحفظ",
  "no_internet_connection_error_message_01": "لا يوجد اتصال بالإنترنت",
  "no_internet_connection_body_error_message": "هناك مشكلة في الاتصال بالإنترنت. يرجى النقر على إعادة المحاولة للاتصال مجدداً.",
  "profile": "ملف الشخصي",
  "no_internet_connection_error_message_02": "تحقق من اتصالك، وحاول مجدداً",
  "refine_search_text": "إعادة توضبح البحث",
  "received_a_new_rating_from": "تلقى تقييماً جديداً من",
  "enter_the_email": "أدخل البريد الإلكتروني",
  "title_position": "العنوان/المكان",
  "whatsApp": "واتساب",
  "fax_number": "رقم الفاكس",
  "company_name": "اسم الشركة",
  "about_me": "عني",
  "upload_photo": "تحميل صورة",
  "language_label" : "اللغة",
  "profile_updated_successfully": "تم تحديث الملف الشخصي بنجاح",
  "display_name": "اسم العرض",
  "choose_location": "اختر موقعاً",
  "select_city": "اختر مدينة",
  "edit_profile": "تعديل الملف الشخصي",
  "update_profile": "تحديث الملف الشخصي",
  "view_result": "عرض النتيجة",
  "oops_saved_search_not_exist": "عذراً! يبدو أن البحث المحفوظ الذي تحاول الوصول إليه غير موجود.",
  "minimum_image_size_text": "يجب أن يكون حجم الصورة بالحد الأدنى",
  "minimum_image_width_text": "يجب أن يكون عرض الصورة بالحد الأدنى",
  "minimum_image_height_text": "يجب أن يكون ارتفاع الصورة بالحد الأدنى",
  "portraits_are_not_allowed_text": "لا يسمح بالصور الوجه",
  "version_text": "النسخة",
  "no_saved_searches_found": "لم تقم بحفظ أي عمليات بحث، يمكنك حفظ عمليات بحثك من أجل الوصول السريع في المستقبل.",
  "no_fav_found": "لم تقم بتخصيص أي عقار على أنه مفضل. يمكنك تحديد الخصائص للمحافظة على قوائمك المفضلة.",
  "demo_version_expired": "انتهت مدة النسخة التجريبية",
  "contact_developer_for_latest_version": "لم تعد هذه النسخة التجريبية مدعومة، يرجى التواصل مع المطور من أجل الحصول على نسخة أحدث.",
  "language_settings": "إعدادات اللغة",
  "select_language": "اختر لغة",
  "about_app_description_text01": "و",
  "about_app_description_text02": "الشعارات هي العلامات التجارية لـ",
  "about_app_description_text03": "جميع الحقوق محفوظة.",
  "no_agents_found": "لا يوجد وكلاء.",
  "no_agencies_found": "لا يوجد وكالات.",
  "agencies": "الوكالات",
  "find_agent": "اعثر على وكيل",
  "find_agency": "اعثر على وكالة",
  "search_agent": "ابحث عن وكيل",
  "all_categories": "جميع التصنيفات",
  "all_cities": "جميع المدن",
  "enter_keyword": "أدخل كلمة مفتاحية",
  "search_agency": "البحث عن وكالة",
  "plug_in_text": "إضافة",
  "whatsapp": "واتساب",
  "i_saw_your_profile_on": "شاهدت ملفك الشخصي على",
  "and_wanted_to_see_if_i_can_get_some_help": " وأردت معرفة ما إذا كان بإمكاني الحصول على بعض المساعدة.",
  "my_properties": "عقاراتي",
  "edit_property": "تعديل العقار",
  "view_all": "عرض الجميع",
  "log_in_to_your_account": "تسجيل الدخول إلى حسابك",
  "enter_valid_email": "يرجى إدخال عنوان بريد إلكتروني صالح",
  "password_length_at_least_eight": "يجب أن يكون طول كلمة المرور أكثر من 8 أحرف",
  "enter_phone": "يرجى إدخال رقم هاتفك",
  "enter_valid_phone": "يرجى إدخال رقم هاتف صالح",
  "user_name_at_least_three": "يجب أن يكون اسم المستخدم من 3 أحرف على الأقل!",
  "remove_whitespace": "يرجى إزالة المسافات الفارغة",
  "first_price": "السعر الأول",
  "second_price": "السعر الثاني",
  "property_status": "حالة العقار",
  "property_unique_id": "كود الفريد للعقار",
  "pool_size": "حجم المسبح ",
  "last_remodel_year": "سنة الترميم",
  "amenities": "الخدمات",
  "additional_rooms": "الغرف الإضافية",
  "equipment": "المعدات",
  "air_conditioning": "التكييف",
  "broadband": "العرض",
  "intercom": "إنتركوم",
  "pay_tv": "قناة مدفوعة الثمن",
  "pool": "المسبح",
  "security_system": "نظام الأمن",
  "swimming_pool": "المسبح",
  "tv_cable": "كبل التلفاز",
  "wifi": "الوايفاي",
  "gym": "صالة الرياضية",
  "first_floor": "الطابق الأول",
  "second_floor": "الطابق الثاني",
  "out_of_five": " من 5)",
  "barbeque": "شواية",
  "dryer": "النشافة",
  "laundry": "مكوى",
  "lawn": "العشب",
  "outdoor_shower": "حمام خارجي",
  "refrigerator": "ثلاجة",
  "sauna": "ساونا",
  "washer": "الغسالة",
  "window_coverings": "ستائر النوافذ",
  "author_info": "معلومات المالك",
  "agent_info_choose_list": "معلومات الوكيل (اختر وكيلاً من القائمة أدناه)",
  "agency_info_choose_list": "معلومات الوكالة (اختر وكالة من القائمة أدناه)",
  "do_not_display": "لا تقم بالعرض",
  "from_camera": "من الكاميرا",
  "from_gallery": "من الاستوديو",
  "reviews_rating_out_of": "({rating} من أصل 5)",
  "@reviews_rating_out_of": {
    "description": "التقييم",
    "placeholders": {
      "rating": {
        "type": "String"
      }
    }
  },
  "property_share_msg": "مرحباً، تحقق من هذا العقار هنا: {title} {url}",
  "@property_share_msg": {
    "description": "مشاركة الرسالة",
    "placeholders": {
      "title": {
        "type": "String"
      },
      "url": {
        "type": "String"
      }
    }
  },

  "select_agent": "يرجى اختيار وكيل من القائمة",
  "select_agency": "يرجى اختيار وكالة من القائمة",
  "search_in_this_area": "البحث في هذه المنطقة",
  "log_in_google": "تسجيل الدخول باستخدام غوغل",
  "log_in_facebook": "تسجيل الدخول باستخدام الفيسبوك",
  "log_in_apple": "تسجيل الدخول باستخدام آبل",
  "log_in_phone": "تسجيل الدخول باستخدام الهاتف",

  "draft_properties_exit_menu_title_text": "حفظ هذا العقار كمسودة؟",
  "draft_properties_exit_menu_subtitle_text": "إذا تخلصت الآن ، فستفقد هذه الملكية.",
  "draft_properties_exit_menu_option_save": "حفظ المسودة",
  "draft_properties_exit_menu_option_discard": "تجاهل العقارات",
  "draft_properties_exit_menu_option_keep_editing": "استمر في التحرير",
  "draft_properties_toast_error_text": "الرجاء إدخال عنوان العقار",
  "draft_properties": "Draft Properties",
  "draft_properties_no_result_found_header_message": "No Drafts Found",
  "draft_properties_no_result_found_body_message": "You have not added any draft",
  "draft_properties_your_draft_is_saved": "Your draft is saved!",

  "whatsapp_hello_i_am_interested_in": "مرحباً، أنا مهتم في {title} {url}",
  "radius_km": "نصف القطر {km} كيلومتر",
  "password_does_not_match" : "كلمة السر غير متطابقة",
  "multi_units" : "وحدات متعددة",

  "change_password" : "تغيير كلمة المرور",
  "delete_account" : "حذف الحساب",
  "update_password" : "تحديث كلمة السر",
  "delete_my_account" : "احذف حسابي",
  "delete_account_confirmation" : "هل انت متأكد انك تريد حذف حسابك؟",
  "manage_profile" : "إدارة الملف الشخصي",

  "value": "قيمة",
  "additional_feature_title_hint": "على سبيل المثال: المعدات",
  "additional_feature_value_hint": "شواية - غاز",
  "enter_user_type": "أدخل نوع المستخدم (المشتري ، الوكيل ، إلخ)",
  "please_enter_keyword" : "الرجاء إدخال الكلمة الرئيسية",

  "open_in_map" : "فتح في الخريطة",
  "message_already_sent" : "لقد قمت بالفعل بإرسال رسالة لهذه الملكية.",


  "add_request_property": "إضافة طلب ملكية",
  "request_property": "طلب الملكية",

  "selected": "محدد",

  "multi_select_drop_down_item_selected": "تم تحديد {count} عنصر",
  "region" : "منطقة",



  "Home" : "مسكن",
  "Home 01" : "مسكن 01",
  "Home 02" : "مسكن 02",
  "Home 03" : "مسكن 03",
  "Home Carousel" : "الرئيسية الكاروسيل",
  "Home Elegant" : "الرئيسية الأنيق",
  "Home Location" : "الرئيسية الموقع",
  "Home Tabbed" : "الرئيسية التبویب",
  "no" : "لا",

  "Add Property" : "إضافة عقار",
  "Quick Add Property" : "(إضافة عقار (سريعة",
  "Properties" : "العقارات",
  "Agents" : "وكلاء",
  "Agencies" : "وكالات",
  "Property Request" : "طلب عقار",
  "Favorites" : "المفضلة",
  "Saved Searches" : "الابحاث المحفوظة",
  "CRM Dashboard" : "لوحة تحكم",
  "Activities" : "أنشطة",
  "Inquiries" : "استفسارات",
  "Deals" : "صفقات",
  "Leads" : "معلومات اضافية",
  "Settings" : "إعدادات",
  "Request Demo" : "طلب عرض",
  "Login" : "تسجيل الدخول",
  "Log Out" : "تسجيل خروج",

  "search_property_id" : "ابحث حسب كود العقار",
  "Recently added" : "أضيف مؤخرا",
  "Projects & Towers" : "المشاريع والأبراج",

  "advertising" : "إعلان",
  "real_estate_agency" : "الوكالة العقارية",
  "List of properties" : "قائمة العقارات",
  "Beds" : "غرف نوم",

  "Listing IDs" : "معرّفات القائمة",
  "Listing IDs Hint" : "أدخل معرفات القائمة مفصولة بفواصل",
  "OR": "أو",
  "Listing IDs Additional Hint": "على سبيل المثال 4،5،6",

  "Select Properties" : "حدد عقارات",
  "category" : "فئة",
  "add_new_agent" : "إضافة وكيل جديد",
  "My Agents" : "وكلائي",
  "send_email_new_user" : "أرسل إلى المستخدم الجديد بريدًا إلكترونيًا حول حسابه",
  "edit_agent" : "تحرير الوكيل",

  "text" : "نص",
  "photo" : "صورة",
  "add_story" : "أضف قصة",
  "enter_text_here" : "أدخل النص هنا",
  "enter_the_title" : "أدخل العنوان",
  "select_video" : "حدد الفيديو",
  "see_all": "اظهار الكل",
  "refresh": "Refresh",

  "author": "مؤلف",
  "view_floor_plan": "عرض مخطط الطابق>",
  "current_location": "الموقع الحالي",

  "Hello" : "مرحبًا",
  "What are you looking for?": "عما تبحث؟",

  "showing_sorted_results": "'{sort_item}' إظهار النتائج ",

  "edit_deal": "تحرير الصفقة",

  "view_sub_listing": "مشاهدة القائمة الفرعية >",

  "add_user": "إضافة مستخدم",
  "send_otp": "OTP أرسل",
  "otp_sent": "إلى رقمك OTP تم إرسال",
  "otp_verification": "OTP التحقق من",
  "search_property" : "خاصية البحث"
}