{
  "First Price": "First Price",
  "Second Price": "Second Price",
  "Property Status": "Property Status",
  "Property Unique ID": "Property unique id",
  "Pool Size": "Pool Size",
  "deposit": "deposit",
  "Last remodel year": "Last remodel year",
  "Amenities": "Amenities",
  "Additional Rooms:": "Additional Rooms",
  "Equipment": "Equipment",
  "Air Conditioning": "Air Conditioning",
  "Microwave" : "Microwave",
  "Broadband": "Broadband",
  "Intercom": "Intercom",
  "Pay Tv": "Pay Tv",
  "Pool": "Pool",
  "Security System": "Security System",
  "Swimming Pool": "Swimming Pool",
  "TV Cable": "TV Cable",
  "WiFi": "WiFi",
  "Gym": "Gym",
  "First Floor": "First Floor",
  "Second Floor": "Second Floor",
  "Barbeque": "Barbeque",
  "Dryer": "Dryer",
  "Laundry": "Laundry",
  "Lawn": "Lawn",
  "Outdoor Shower": "Outdoor Shower",
  "Refrigerator": "Refrigerator",
  "Sauna": "Sauna",
  "Washer": "Washer",
  "Window Coverings": "Window Coverings",
  "Property ID": "Property ID",
  "Price": "Price",
  "Property Type": "Property Type",
  "Bedrooms": "Bedrooms",
  "Bathrooms": "Bathrooms",
  "Garage": "Garages",
  "Garage Size": "Garage size",
  "Year Built": "Year built",
  "Property Size": "Property Size",


  "Apartment": "Apartment",
  "Commercial": "Commercial",
  "Condo": "Condo",
  "Multi Family Home": "Multi Family Home",
  "Office": "Office",
  "Residential": "Residential",
  "Shop": "Shop",
  "Single Family Home": "Single Family Home",
  "Studio": "Studio",
  "Villa": "Villa",



  "Hot Offer": "Hot Offer",
  "Open House": "Open House",
  "Sold": "Sold",

  "Buy": "Buy",
  "For Rent": "For Rent",
  "For Sale": "For Sale",
  "Foreclosures": "Foreclosures",
  "New Construction": "New Costruction",
  "New Listing": "New Listing",
  "Reduced Price": "Reduced Price",
  "Resale": "Resale",


  "Grid": "Grid",
  "List": "List",
  "Map": "Map",
  "Filter": "Filter",
  "Sort": "Sort",
  "Save": "Save",
  "Save Search": "Save Search",

  "Newest": "Newest",
  "Oldest": "Oldest",
  "Price (low to high)": "Price (low to high)",
  "Price (high to low)": "Price (high to low)",

  "Featured Properties": "Featured Properties",
  "Latest Properties": "Latest Properties",
  "in_": "in",
  "Explore Cities": "Explore Cities",
  "Explore By Type": "Explore By Type",
  "Meet Our Agents": "Meet Our Agents",
  "Meet Our Agencies": "Meet Our Agencies",
  "Recent Searches": "Recent Searches",

  "I want to": "I want to",
  "Property Types": "Property Types",
  "Area range": "Area range",
  "Price range": "Price range",
  "Latest properties in": "Latest properties in",
  "All": "All",

  "In Person": "In Person",
  "Video Chat": "Video Chat",

  "I am a Buyer": "I am a Buyer",
  "I am a Tenant": "I am a Tenant",
  "I am a Agent": "I am a Agent",
  "Others": "Others",

  "Keyword": "Keyword",







  "language": "English",
  "search": "Search",
  "location": "Location",
  "please_select": "Please Select",
  "buy": "Buy",
  "rent": "Rent",
  "featured_properties": "Featured Properties",
  "latest_properties": "Latest Properties",
  "latest_properties_in_city": "Latest Properties in {city_name}",
  "@latest_properties_in_city": {
    "description": "city name",
    "placeholders": {
      "city_name": {
        "type": "String"
      }
    }
  },
  "explore_cities": "Explore Cities",
  "explore_by_type": "Explore by Type",
  "meet_our_real_estate_agents": "Meet Our Real Estate Agents",
  "meet_our_real_estate_agencies": "Meet Our Real Estate Agencies",
  "quick_add_property": "Quick Add Property",
  "property_title": "Property Title",
  "property_title_cannot_be_empty": "Property title cannot be empty!",
  "enter_your_property_title": "Enter your property title",
  "content": "Content",
  "property_description_cannot_be_empty": "Property description cannot be empty!",
  "description": "Description",
  "Description": "Description",
  "sale_or_rent_price": "Sale or Rent Price",
  "enter_the_price": "Enter the price",
  "price_field_cannot_be_empty": "Price field cannot be empty!",
  "area_size": "Area Size",
  "area_size_cannot_be_empty": "Area size field cannot be empty!",
  "enter_area_size": "Enter area size",
  "only_digits": "Only digits",
  "size_postfix": "Size Postfix",
  "area_size_postfix_cannot_be_empty": "Area size postfix field cannot be empty!",
  "enter_size_postfix": "Enter size postfix",
  "for_example_Sq_Ft": "For example: Sq Ft",
  "bedrooms": "Bedrooms",
  "bathrooms": "Bathrooms",
  "select_and_upload": "Select and Upload",
  "upload_media": "Upload Media",
  "click_on_the_star_icon_to_select_the_cover_image": "Click on the star icon to select the cover image.",
  "you_have_reached_the_limit": "You have reached the limit",
  "agreement_upload_property": "I consent to having this website to store my submitted information, read more information below:",
  "please_accept_terms_text": "Please Accept Terms and Conditions",
  "add_property": "Add Property",
  "your_property_is_being_uploaded": "Your Property is being uploaded!",
  "you_are_not_logged_in": "You are not logged-in to Add this property!\nYour property will be uploaded after Login",
  "login": "Login",
  "activities": "Activities",
  "leads": "Leads",
  "last_24_hours": "Last 24 Hours",
  "last_7_days": "Last 7 Days",
  "last_30_days": "Last 30 Days",
  "deals": "Deals",
  "active": "Active",
  "won": "Won",
  "lost": "Lost",
  "new_lead": "New lead",
  "from": " from ",
  "name": "Name",
  "email": "Email",
  "phone": "Phone",
  "type": "Type",
  "setting_and_privacy": "Settings & Privacy",
  "demo_configuration": "Demo Configuration",
  "enter_your_own_wordpress": "Enter your own WordPress website URL to test with this App. (Houzi Mobile API plugin is required)",
  "enter_your_wordpress_url": "Enter WordPress URL",
  "cancel": "Cancel",
  "save": "Save",
  "this_app_requires_plugin": "This app requires a plugin that you need to install on your Houzez wordpress. Required plug-in missing, please install from following link.",
  "ok": "OK",
  "item_theme_design": "Item Theme Design",
  "customise_your_item_theme_design": "Customise your item theme design.",
  "explore_by_type_theme_design": "Explore by Type Theme Design",
  "preference": "Preference",
  "customise_your_experience_on_app": "Customise your experience on {app_name}.",
  "@customise_your_experience_on_app": {
    "description": "App name here",
    "placeholders": {
      "app_name": {
        "type": "String"
      }
    }
  },
  "dark_mode": "Dark Mode",
  "community_standards_and_legal_policies": "Community Standards and Legal Policies",
  "terms_and_conditions": "Terms and Conditions",
  "privacy_policy": "Privacy Policy",
  "about": "About",
  "item_design_is_successfully_updated": "Item design is successfully updated",
  "explore_by_type_is_successfully_updated": "Explore by type theme \n design is successfully updated",
  "edit": "Edit",
  "delete": "Delete",
  "action": "Action",
  "inquiries": "Inquiries",
  "inquiry_detail": "Inquiry Detail",
  "id": "ID",
  "contact": "Contact",
  "listing_type": "Listing Type",
  "price": "Price",
  "built_up": "Built-up",
  "property_type": "Property Type",
  "message": "Message",
  "matching_list": "Matching List",
  "view": "View",
  "inquiry_delete_successfully": "Inquiry Delete Successfully",
  "error_occurred": "Error Occurred",
  "inquiry_form": "Inquiry Form",
  "enter_the_deal_title": "Enter the deal title",
  "this_field_cannot_be_empty": "This field cannot be empty!",
  "information": "Information",
  "select": "Select",
  "address": "Address",
  "Address": "Address",
  "country": "Country",
  "enter_the_country": "Enter the country",
  "states": "States",
  "enter_the_states": "Enter the state",
  "city": "City",
  "enter_the_city": "Enter the city",
  "area": "Area",
  "enter_the_area": "Enter the area",
  "zip_code": "Zip Code",
  "enter_the_zip_code": "Enter the Zip Code",
  "private_note": "Private Note",
  "added_successfully": "Added Successfully",
  "submit": "Submit",
  "max_price": "Max Price",
  "enter_the_max_price": "Enter Max price",
  "minimum_size": "Minimum Size",
  "enter_the_min_size": "Enter Minimum Size (Sq. Ft.)",
  "contact_name": "Contact Name",
  "agent": "Agent",
  "no_result_found": "No Result Found",
  "oops_activities_not_exist": "Oops! Looks like the activities you are trying\nto reach does not exist.",
  "oops_inquiries_not_exist": "Oops! Looks like the inquiries you are trying\nto reach does not exist.",
  "oops_deals_not_exist": "Oops! Looks like the deals you are trying\nto reach does not exist.",
  "oops_leads_not_exist": "Oops! Looks like the leads you are trying\nto reach does not exist.",
  "go_back": "GO BACK",
  "add_new_deal": "Add New Deal",
  "title": "Title",
  "deal_value": "Deal Value",
  "enter_the_deal_value": "Enter the deal value",
  "group": "Group",
  "deal_has_been_added": "Deal has been added",
  "lead_form": "Lead Form",
  "first_name": "First Name",
  "last_name": "Last Name",
  "enter_first_name": "Enter First Name",
  "enter_last_name": "Enter Last Name",
  "enter_email_address": "Enter Email Address",
  "enter_mobile_address": "Enter Mobile Number",
  "enter_home_number": "Enter Home Number",
  "enter_work_number": "Enter Work Number",
  "enter_the_address": "Enter the Address",
  "mobile": "Mobile",
  "home_number": "Home Number",
  "work_number": "Work Number",
  "source": "Source",
  "social": "Social",
  "facebook": "Facebook",
  "twitter": "Twitter",
  "linkedIn": "LinkedIn",
  "instagram": "Instagram",
  "youtube": "Youtube",
  "pinterest": "Pinterest",
  "vimeo": "Vimeo",
  "skype": "Skype",
  "website": "Website",
  "enter_facebook_profile_url": "Enter Facebook profile url",
  "enter_twitter_profile_url": "Enter Twitter profile url",
  "enter_linkedIn_profile_url": "Enter LinkedIn profile url",
  "enter_instagram_profile_url": "Enter Instagram profile url",
  "inquiry_type": "Inquiry Type",
  "deal_detail": "Deal Detail",
  "deal_deleted": "Deal Deleted",
  "last_contact_date": "Last Contact Date",
  "action_due_date": "Action Due Date",
  "next_action": "Next Action",
  "status": "Status",
  "all_properties": "All Properties",
  "admin": "Admin",
  "properties": "Properties",
  "properties_by_user": "Properties by User",
  "delete_property": "Delete Property",
  "put_on_hold": "Put on hold",
  "publish_property": "Publish Property",
  "no_properties_error_message_search_by_id": "Oops! Looks like the property you are trying\n to search does not exist. Try using a different\n Property ID",
  "no_properties_error_message_filter_page_search": "Oops! Looks like the property you are trying\n to search does not exist. Try using a different\n Filter Settings",
  "no_properties_error_message": "You have not added any property",
  "no_recent_properties_error_message": "You have not searched any property",
  "select_location": "Select Location",
  "filters": "Filters",
  "price_range": "Price Range",
  "change_currency": "Change Currency",
  "area_range": "Area Range",
  "change_area_unit": "Change Area Unit",
  "i_want_to": "I want to view",
  "reset": "Reset",
  "enquire_information": "Enquire Information",
  "hello_i_am_interested_in": "Hello, I am interested in {title} {url} {perma_link}",
  "@hello_i_am_interested_in": {
    "description": "Interested in property msg",
    "placeholders": {
      "title": {
        "type": "String"
      },
      "url": {
        "type": "String"
      },
      "perma_link": {
        "type": "String"
      }
    }
  },
  "email_capital": "EMAIL",
  "call_capital": "CALL",
  "share_the_news": "Share the news: ",
  "details": "Details",
  "Details": "Details",
  "additional_details": "Additional Details",
  "less_details": "Less Details",
  "more_details": "More Details",
  "features": "Features",
  "Features": "Features",
  "read_less": "Read less",
  "read_more": "Read More",
  "floor_plans": "Floor Plans",
  "FloorPlans": "Floor Plans",
  "contact_information": "Contact Information",
  "Contact Information": "Contact Information",
  "enquire_info": "Enquire Info",
  "setup_tour": "Setup a Tour",
  "watch_video": "Watch a Video",
  "virtual_tour_capital": "Virtual Tour",
  "related_properties": "Related Properties",
  "Related Properties": "Related Properties",
  "message_sent_successfully": "Message sent successfully",
  "tour_scheduled_successfully": "Tour scheduled successfully",
  "message_failed_to_send": "Message failed to send",
  "tour_failed_to_scheduled": "Tour failed to scheduled",
  "please_wait_data_is_loading": "Please wait...Data is Loading",
  "realtor_info": "Realtor Info",
  "agent_rating": "Agent Rating",
  "license": "License: ",
  "tax_number": "Tax Number: ",
  "service_areas": "Service Areas: ",
  "specialties": "Specialties: ",
  "listings": "Listings",
  "agency": "Agency",
  "agents": "Agents",
  "office": "Office: ",
  "mobile_with_colon": "Mobile: ",
  "fax_with_colon": "Fax: ",
  "email_with_colon": "Email: ",
  "realtor_message": "Hi {user_name}, I saw your profile on {app_name} and wanted to see if i can get some help. {perma_link}",
  "@realtor_message": {
    "description": "application name",
    "placeholders": {
      "user_name": {
        "type": "String"
      },
      "app_name": {
        "type": "String"
      },
      "perma_link": {
        "type": "String"
      }
    }
  },
  "hi": "Hi",
  "send_email": "Send Email",
  "call": "Call",
  "more": "More",
  "sort_by": "Sort by",
  "searching": "Searching...",
  "results": "results",
  "Results": "Results",
  "help": "Help",
  "your_name": "Your Name",
  "enter_your_name": "Enter Your Name",
  "enter_your_phone_number": "Enter Your Phone Number",
  "enter_your_msg": "Enter Your Message  ",
  "by_submitting_this_form_i_agree": "By submitting this form I agree",
  "to_the": " to the",
  "terms_of_use": " Terms of Use",
  "term_and_agreement_message": "By submitting this form I agree to the {terms_of_use}.",
  "@term_and_agreement_message": {
    "description": "terms of use to be used for link",
    "placeholders": {
      "terms_of_use": {
        "type": "String"
      }
    }
  },
  "please_accept_terms_of_use": "Please Accept Terms Of Use",
  "forgot_password": "Forgot Password",
  "enter_the_email_address_or_user_name": "Enter the email address or user name.",
  "user_name_email": "Username/Email",
  "enter_your_user_name_or_email_address": "Enter your user name or email address",
  "confirmation_message_sent_to_your_email": "Confirmation message sent to your email",
  "invalid_username": "Invalid username",
  "user_profile": "User Profile",
  "user_Login_successfully": "User Login successfully",
  "user_login_failed": "User Login Failed!",
  "forgot_password_with_question_mark": "Forgot Password?",
  "sign_up_capital": "SIGN UP",
  "do_not_have_an_account": "Do not have an account? ",
  "enter_your_password": "Enter Your Password",
  "password": "Password",
  "login_capital": "LOGIN",
  "already_have_an_account": "Already have an account? ",
  "sign_up": "Sign Up",
  "user_already_registered": "User already registered",
  "user_sign_up_successfully": "User Sign up successfully",
  "i_accept_terms": "I accept terms",
  "select_your_account_type": "Select your account type",
  "confirm_your_password": "Confirm Your Password",
  "confirm_password": "Confirm Password",
  "enter_your_email_address": "Enter Your Email Address",
  "enter_your_user_name": "Enter Your UserName",
  "user_name": "User Name",
  "gdpr_agreement": "GDPR Agreement",
  "i_consent_to_having_this_website_to_store_my_submitted_information_read_more_information": "I consent to having this website to store my submitted information, read more information:",
  "property_information": "Property Information",
  "i_am_a": "I'm a",
  "email_address": "Email Address",
  "your_message": "Your Message",
  "contact_us": "Contact Us",
  "back": "Back",
  "upload_at_least_one_image": "Please upload at least one image",
  "next": "Next",
  "please_accept_the_gdpr_agreement": "Please accept the GDPR Agreement",
  "map": "Map",
  "drag_and_drop_the_pin_on_map_to_find_exact_location": "Drag and drop the pin on map to find exact location",
  "add_property_map_additional_hint" : "Tap on the Map to select the exact location",
  "latitude": "Latitude",
  "longitude": "Longitude",
  "enter_address_longitude": "Enter address longitude",
  "enter_address_latitude": "Enter address latitude",
  "address_star": "Address *",
  "enter_your_property_address": "Enter your property address",
  "what_information_do_you_want_to_display_in_agent_data_container": "What information do you want to display in agent data container?",
  "add_new": "Add New",
  "enter_year_built": "Enter year built",
  "year_built": "Year built",
  "for_example_hz_01": "For example: HZ-01",
  "enter_property_id": "Enter property ID",
  "property_id": "Property ID",
  "enter_garage_size": "Enter garage size",
  "garage_size": "Garage size",
  "number_of_garages": "Number of garages",
  "garages": "Garages",
  "enter_land_area": "Enter land area",
  "land_area": "Land area",
  "minimum_size_800_600_px": "(Minimum size 800x600 px)",
  "select_image": "Select Image",
  "plan_image": "Plan Image",
  "enter_the_plan_description": "Enter the plan description",
  "enter_the_plan_size": "Enter the plan size",
  "plan_size": "Plan size",
  "enter_price_postfix": "Enter price postfix",
  "price_postfix": "Price Postfix",
  "enter_the_plan_title": "Enter the plan title",
  "plan_title": "Plan title",
  "enter_the_second_price": "Enter the second price",
  "second_price_optional": "Second price (Optional)",
  "for_example_monthly": "For example: Monthly",
  "enter_the_after_price": "Enter the after price",
  "after_the_price": "After The Price",
  "for_example_start_from": "For example: Start from",
  "enter_the_price_prefix": "Enter the price prefix",
  "price_prefix": "Price prefix",
  "label": "Label",
  "for_example": "For example: ",
  "youtube_vimeo_swf_file_and_mov_file_are_supported": "Youtube, Vimeo, SWF File and MOV File are supported",
  "video_url": "Video URL",
  "video": "Video",
  "media": "Media",
  "fifty_files": "/50 files",
  "write_private_note_for_this_property_it_will_not_display_for_public": "Write private note for this property, it will not display for public.",
  "enter_the_note_here": "Enter the note here",
  "property_settings": "Property Settings",
  "do_you_want_to_mark_this_property_as_featured": "Do you want to mark this property as featured?",
  "the_user_must_be_logged_in_to_view_this_property": "The user must be logged in to view this property?",
  "disclaimer": "Disclaimer",
  "sub_listings": "Sub Listings",
  "Sub Listings": "Sub Listings",
  "enter_the_date": "Enter the date",
  "availability_date": "Availability Date",
  "enter_property_type": "Enter property type",
  "property_size": "Property Size",
  "virtual_tour": "360° Virtual Tour",
  "enter_virtual_tour_iframe_embedded_code": "Enter virtual tour iframe/embedded code",
  "dark_mode_settings": "Dark Mode Settings",
  "use_system_settings": "Use System Settings",
  "we_ll_adjust_your_appearance_based_on_your_device_system_settings": "We'll adjust your appearance based on your device's system settings.",
  "off": "Off",
  "on": "On",
  "no_image_found": "No Image Found",
  "no_plan_available": "Oops! No floor plan image has been found.",
  "schedule_a_tour": "Schedule A Tour",
  "tour_type": "Tour Type",
  "date": "Date",
  "select_tour_date": "Select Tour Date",
  "select_tour_time": "Select Tour Time",
  "your_information": "Your Information",
  "tour_information": "Tour Information",
  "time": "Time",
  "wordpress_url_optional": "Website URL (Optional)",
  "enter_wordpress_url": "Enter Wordpress URL",
  "web_example": "e.g. https://booleanbites.com/",
  "home": "Home",
  "dashboard": "CRM Dashboard",
  "settings": "Settings",
  "request_demo": "Request Demo",
  "log_out": "Log out",
  "please_enter_a_complete_url": "Please enter a complete url",
  "are_you_sure_you_want_to_log_out": "Are you sure you want to Log out?",
  "yes": "Yes",
  "i_accept": "I accept",
  "add_new_lead": "Add New Lead",
  "add_new_inquiry": "Add New Inquiry",
  "add_to_fav": "Added to favorites",
  "remove_from_fav": "Removed from favorites",
  "data_loading": "Please wait... data is Loading",
  "property_uploaded": "Property Uploaded",
  "view_property": "View Property",
  "search_by_property_id": "Search By Property ID",
  "go": "GO",
  "recent_searches": "Recent Searches",
  "lead_deleted": "Lead Deleted",
  "favorites": "Favorites",
  "delete_confirmation": "Are you sure you want to Delete?",
  "featured_tag": "Featured",
  "Featured": "Featured",
  "title_property_types": "Property Types",
  "done": "Done",
  "zero": "0",
  "to": "TO",
  "any": "Any",
  "quick_edit": "Quick Edit",
  "search_saved_successfully": "Search Saved Successfully",
  "you_must_login": "You must login",
  "before_saving_search": " before saving search",
  "before_adding_to_favorites": " before adding to favorites",
  "saved_searches": "Saved Searches",
  "removed_from_saved_searches": "Removed from saved searches",
  "show_less": "Show Less",
  "show_more": "Show More",
  "delete_lead": "Delete lead",
  "delete_inquiry": "Delete inquiry",
  "delete_deal": "Delete deal",
  "uploading_image": "Uploading Image",
  "press_again_to_exit": "Press again to exit",
  "locations_text": "Locations",
  "leave_a_review": "Leave A Review",
  "enter_a_title": "Enter a title",
  "write_a_review": "Write a review",
  "review": "Review",
  "at_least_give_one_star": "At least give one star",
  "before_leaving_a_review": " before leaving a review",
  "reviews": "Reviews",
  "Reviews": "Reviews",
  "see_more": "See more",
  "tell_others_what_you_think": "Tell others what you think",
  "give_a_review": "Give a review",
  "retry": "Retry",
  "no_internet_connection": "NO INTERNET CONNECTION",
  "no_internet_connection_retry_again_message": "There was a problem connecting to the internet. Please hit 'Retry' to connect again.",
  "saved": "Saved",
  "no_internet_connection_error_message_01": "NO INTERNET CONNECTION",
  "no_internet_connection_body_error_message": "There was a problem connecting to the internet. Please hit 'Retry' to connect again.",
  "profile": "Profile",
  "no_internet_connection_error_message_02": "Check you connection and try again",
  "refine_search_text": "Refine Search",
  "received_a_new_rating_from": "Received a new rating from",
  "enter_the_email": "Enter the email",
  "title_position": "Title / Position",
  "whatsApp": "WhatsApp",
  "fax_number": "Fax Number",
  "company_name": "Company Name",
  "about_me": "About me",
  "upload_photo": "Upload Photo",
  "language_label" : "Language",
  "profile_updated_successfully": "Profile updated successfully",
  "display_name": "Display Name",
  "choose_location": "Choose Location",
  "select_city": "Select City",
  "edit_profile": "Edit Profile",
  "update_profile": "Update Profile",
  "view_result": "View result",
  "oops_saved_search_not_exist": "Oops! Looks like the saved search you are trying\nto reach does not exist.",
  "minimum_image_size_text": "Image should be minimum",
  "minimum_image_width_text": "Image Width should be minimum",
  "minimum_image_height_text": "Image Height should be minimum",
  "portraits_are_not_allowed_text": "Portraits are not allowed",
  "version_text": "Version",
  "no_saved_searches_found": "You have not saved any searches, you can save your searches for quick access in future.",
  "no_fav_found": "You have not marked any property as favorite. You can bookmark properties to keep an eye on your favorite listings.",
  "demo_version_expired": "Demo version expired",
  "contact_developer_for_latest_version": "This demo version is no longer supported, please contact your developer for newer version.",
  "language_settings": "Language Settings",
  "select_language": "Select Language",
  "about_app_description_text01": "and the",
  "about_app_description_text02": "logos are the trademarks of",
  "about_app_description_text03": "All rights reserved.",
  "no_agents_found": "No agents found.",
  "no_agencies_found": "No agencies found.",
  "agencies": "Agencies",
  "find_agent": "Find Agent",
  "find_agency": "Find Agency",
  "search_agent": "Search Agent",
  "all_categories": "All Categories",
  "all_cities": "All Cities",
  "enter_keyword": "Enter keyword",
  "search_agency": "Search Agency",
  "plug_in_text": "Plug-in",
  "whatsapp": "WhatsApp",
  "i_saw_your_profile_on": "I saw your profile on ",
  "and_wanted_to_see_if_i_can_get_some_help": " and wanted to see if i can get some help.",
  "my_properties": "My Properties",
  "edit_property": "Edit Property",
  "view_all": "View all",
  "log_in_to_your_account": "Login to your account",
  "enter_valid_email": "Please enter a valid email address",
  "password_length_at_least_eight": "Password Length must be at least 8 characters",
  "enter_phone": "Please Enter Your Phone Number",
  "enter_valid_phone": "Please Enter Valid Phone Number",
  "user_name_at_least_three": "User name must be at-least 3 letters!",
  "remove_whitespace": "Please remove whitespace characters",
  "first_price": "First Price",
  "second_price": "Second Price",
  "property_status": "Property Status",
  "property_unique_id": "Property unique id",
  "pool_size": "Pool Size",
  "last_remodel_year": "Last remodel year",
  "amenities": "Amenities",
  "additional_rooms": "Additional Rooms",
  "equipment": "Equipment",
  "air_conditioning": "Air Conditioning",
  "broadband": "Broadband",
  "intercom": "Intercom",
  "pay_tv": "Pay Tv",
  "pool": "Pool",
  "security_system": "Security System",
  "swimming_pool": "Swimming Pool",
  "tv_cable": "TV Cable",
  "wifi": "WiFi",
  "gym": "Gym",
  "first_floor": "First Floor",
  "second_floor": "Second Floor",
  "out_of_five": " out of 5)",
  "barbeque": "Barbeque",
  "dryer": "Dryer",
  "laundry": "Laundry",
  "lawn": "Lawn",
  "outdoor_shower": "Outdoor Shower",
  "refrigerator": "Refrigerator",
  "sauna": "Sauna",
  "washer": "Washer",
  "window_coverings": "Window Coverings",
  "author_info": "Author Info",
  "agent_info_choose_list": "Agent Info (Choose agent from the list below)",
  "agency_info_choose_list": "Agency Info (Choose agency from the list below)",
  "do_not_display": "Do not display",
  "from_camera": "From Camera",
  "from_gallery": "From Gallery",
  "reviews_rating_out_of": "({rating} out of 5)",
  "@reviews_rating_out_of": {
    "description": "Rating",
    "placeholders": {
      "rating": {
        "type": "String"
      }
    }
  },
  "property_share_msg": "Hey, checkout this property here: {title} {url}",
  "@property_share_msg": {
    "description": "Msg share",
    "placeholders": {
      "title": {
        "type": "String"
      },
      "url": {
        "type": "String"
      }
    }
  },

  "select_agent": "Please select agent from the list",
  "select_agency": "Please select agency from the list",
  "search_in_this_area": "Search in this area",
  "log_in_google": "Sign in with Google",
  "log_in_facebook": "Sign in with Facebook",
  "log_in_apple": "Sign in with Apple",
  "log_in_phone": "Continue with Phone",


  "draft_properties_exit_menu_title_text": "Save this property as a draft?",
  "draft_properties_exit_menu_subtitle_text": "If you discard now, you'll lose this property.",
  "draft_properties_exit_menu_option_save": "Save Draft",
  "draft_properties_exit_menu_option_discard": "Discard Property",
  "draft_properties_exit_menu_option_keep_editing": "Keep Editing",
  "draft_properties_toast_error_text": "Please Enter Property Title",
  "draft_properties": "Draft Properties",
  "draft_properties_no_result_found_header_message": "No Drafts Found",
  "draft_properties_no_result_found_body_message": "You have not added any draft",
  "draft_properties_your_draft_is_saved": "Your draft is saved!",

  "whatsapp_hello_i_am_interested_in": "Hello, I am interested in {title} {url}",
  "@whatsapp_hello_i_am_interested_in": {
    "description": "Interested in property msg",
    "placeholders": {
      "title": {
        "type": "String"
      },
      "url": {
        "type": "String"
      }
    }
  },
  "radius_km": "Radius {km} km",
  "@radius_km": {
    "description": "Radius",
    "placeholders": {
      "km": {
        "type": "String"
      }
    }
  },
  "password_does_not_match" : "Password does not match",
  "multi_units" : "Multi Units",

  "change_password" : "Change Password",
  "delete_account" : "Delete Account",
  "update_password" : "Update Password",
  "delete_my_account" : "Delete My Account",
  "delete_account_confirmation" : "Are you sure you want to delete your account?",
  "manage_profile" : "Manage Profile",

  "value": "Value",
  "additional_feature_title_hint": "E.g: Equipment",
  "additional_feature_value_hint": "Grill - Gas",
  "enter_user_type": "Enter User Type (buyer,agent etc)",
  "please_enter_keyword" : "Please Enter Keyword",

  "open_in_map" : "Open in Map",
  "message_already_sent" : "You already have sent a message for this property.",


  "add_request_property": "Add Request Property",
  "request_property": "Request Property",

  "selected": "Selected",

  "multi_select_drop_down_item_selected": "{count} items selected",
  "@multi_select_drop_down_item_selected": {
    "description": "MultiSelect DropDown Selected Items",
    "placeholders": {
      "count": {
        "type": "String"
      }
    }
  },

  "region" : "Region",

  "no" : "No",


  "Home" : "Home",
  "Home 01" : "Home 01",
  "Home 02" : "Home 02",
  "Home 03" : "Home 03",
  "Home Carousel" : "Home Carousel",
  "Home Elegant" : "Home Elegant",
  "Home Location" : "Home Location",
  "Home Tabbed" : "Home Tabbed",
  "Add Property" : "Add Property",
  "Quick Add Property" : "Quick Add Property",
  "Properties" : "Properties",
  "Agents" : "Agents",
  "Agencies" : "Agencies",
  "Property Request" : "Property Request",
  "Favorites" : "Favorites",
  "Saved Searches" : "Saved Searches",
  "CRM Dashboard" : "CRM Dashboard",
  "Activities" : "Activities",
  "Inquiries" : "Inquiries",
  "Deals" : "Deals",
  "Leads" : "Leads",
  "Settings" : "Settings",
  "Request Demo" : "Request Demo",
  "Login" : "Login",
  "Log Out" : "Log Out",

  "search_property_id" : "Search property & ID",
  "search_property" : "Search Property",
  "Top agency rate" : "Top agency rate",
  "Top agent rate" : "Top agent rate",
  "Recently added" : "Recently added",
  "Projects & Towers" : "Projects & Towers",

  "advertising" : "advertising",
  "real_estate_agency" : "RealEstate Agency",
  "List of properties" : "List of properties",
  "Beds" : "Beds",

  "Listing IDs" : "Listing IDs",
  "Listing IDs Hint" : "Enter list identifiers separated by commas",
  "OR": "OR",
  "Listing IDs Additional Hint": "For example 4,5,6",

  "Select Properties" : "Select Properties",
  "category" : "Category",
  "add_new_agent" : "Add New Agent",
  "My Agents" : "My Agents",
  "send_email_new_user" : "Send the new user an email about their account.",

  "edit_agent" : "Edit Agent",

  "text" : "Text",
  "photo" : "Photo",
  "add_story" : "Add Story",
  "enter_text_here" : "Enter text here",
  "enter_the_title" : "Enter title",
  "select_video" : "Select video",
  "see_all": "See All",
  "refresh": "Refresh",

  "author": "Author",
  "view_floor_plan": "View Floor Plan >",
  "current_location": "Current Location",

  "Hello" : "Hello",
  "What are you looking for?": "What are you looking for?",

  "showing_sorted_results": "Showing '{sort_item}' results",
  "@showing_sorted_results": {
    "description": "sort item",
    "placeholders": {
      "sort_item": {
        "type": "String"
      }
    }
  },

  "edit_deal": "Edit deal",
  "view_sub_listing": "View Sub-Listing >",
  "add_user": "Add User",
  "send_otp": "Send OTP",
  "otp_sent": "OTP is sent to your number",
  "otp_verification": "OTP Verification"
}