{
  "First Price": "Premier prix",
  "Second Price": "Deuxième prix",
  "Property Status": "Statut de la propriété",
  "Property Unique ID": "Identifiant unique de la propriété",
  "Pool Size": "Taille de la piscine",
  "deposit": "verser",
  "Last remodel year": "Dernière année de rénovation",
  "Amenities": "Agréments",
  "Additional Rooms:": "Chambres supplémentaires",
  "Equipment": "Équipement",
  "Air Conditioning": "Climatisation",
  "Microwave" : "Four micro onde",
  "Broadband": "Haut débit",
  "Intercom": "Interphone",
  "Pay Tv": "Télévision payante",
  "Pool": "Piscine",
  "Security System": "Système de sécurité",
  "Swimming Pool": "Piscine",
  "TV Cable": "Câble de télévision",
  "WiFi": "Wifi",
  "Gym": "Gym",
  "First Floor": "Premier étage",
  "Second Floor": "Deuxième étage",
  "Barbeque": "Barbecue",
  "Dryer": "Séchoir",
  "Laundry": "Blanchisserie",
  "Lawn": "Pelouse",
  "Outdoor Shower": "Douche extérieure",
  "Refrigerator": "Réfrigérateur",
  "Sauna": "Sauna",
  "Washer": "Machine à laver",
  "Window Coverings": "Couvre-fenêtres",
  "Property ID": "ID de propriété",
  "Price": "Prix",
  "Property Type": "Type de propriété",
  "Bedrooms": "Des chambres",
  "Bathrooms": "Salles de bains",
  "Garage": "Garagistes",
  "Garage Size": "Taille du garage",
  "Year Built": "Année de construction",
  "Property Size": "Taille de la propriété",


  "Apartment": "Appartement",
  "Commercial": "Commercial",
  "Condo": "Copropriété",
  "Multi Family Home": "Maison multifamiliale",
  "Office": "Bureau",
  "Residential": "Résidentiel",
  "Shop": "Boutique",
  "Single Family Home": "Maison unifamiliale",
  "Studio": "Studio",
  "Villa": "Villa",



  "Hot Offer": "Offre spéciale",
  "Open House": "Journée portes ouvertes",
  "Sold": "Vendu",

  "Buy": "Acheter",
  "For Rent": "A louer",
  "For Sale": "À vendre",
  "Foreclosures": "Saisies",
  "New Construction": "Nouvelle construction",
  "New Listing": "Nouvelle liste",
  "Reduced Price": "Prix réduit",
  "Resale": "Revente",

  "Grid": "Grille",
  "List": "Lister",
  "Map": "Carte",
  "Filter": "Filtrer",
  "Sort": "Trier",
  "Save": "Enregistrer",
  "Save Search": "Enregistrer la recherche",

  "Newest": "Date - Ancien à Nouveau",
  "Oldest": "Date - Nouveau à ancien",
  "Price (low to high)": "Prix - croissant",
  "Price (high to low)": "Prix - Décroissant",

  "Featured Properties": "Propriétés en vedette",
  "Latest Properties": "Dernières propriétés",
  "in": "dans",
  "Explore Cities": "Explorez nos Quartiers",
  "Explore By Type": "Explorer par type",
  "Meet Our Agencies": "Rencontrez nos agents immobiliers",
  "Meet Our Agents": "Rencontrez nos agences immobilières",
  "Recent Searches": "Recherches récentes",

  "I want to": "Je veux",
  "Property Types": "Types de propriétés",
  "Area range": "Zone de prix",
  "Price range": "Fourchette de prix",
  "Latest properties in": "Dernières propriétés à",
  "All": "Tout",

  "In Person": "En personne",
  "Video Chat": "Appel vidéo",

  "I am a Buyer": "je suis un acheteur",
  "I am a Tenant": "Je suis un locataire",
  "I am a Agent": "Je suis un agent",
  "Others": "Autres",

  "Keyword": "Keyword",








  "language": "French",
  "search": "Chercher",
  "location": "Localisation",
  "please_select": "Veuillez choisir",
  "buy": "Acheter",
  "rent": "Louer",
  "featured_properties": "Propriétés en vedette",
  "latest_properties": "Dernières propriétés",
  "latest_properties_in_city": "Dernières propriétés dans {city_name}",
  "@latest_properties_in_city": {
    "description": "city name",
    "placeholders": {
      "city_name": {
        "type": "String"
      }
    }
  },
  "in_": "dans",
  "explore_cities": "Explorez nos Quartiers",
  "explore_by_type": "Explorer par type",
  "meet_our_real_estate_agents": "Rencontrez nos agents immobiliers",
  "meet_our_real_estate_agencies": "Rencontrez nos agences immobilières",
  "quick_add_property": "Ajout rapide d'un bien",
  "property_title": "Titre de propriété",
  "property_title_cannot_be_empty": "Le titre de propriété ne peut pas être vide !",
  "enter_your_property_title": "Insérez le titre de votre propriété",
  "content": "Contenu",
  "property_description_cannot_be_empty": "La description du bien ne peut pas être vide !",
  "description": "Description",
  "Description": "Description",
  "sale_or_rent_price": "Prix de vente ou de location",
  "enter_the_price": "Entrez le prix",
  "price_field_cannot_be_empty": "Le champ Prix ne peut pas être vide !",
  "area_size": "Taille de la zone",
  "area_size_cannot_be_empty": "Le champ Taille de la zone ne peut pas être vide !",
  "enter_area_size": "Entrez la taille de la zone",
  "only_digits": "Seulement des chiffres",
  "size_postfix": "Postfixe de taille",
  "area_size_postfix_cannot_be_empty": "Le champ postfixe de la taille de la zone ne peut pas être vide !",
  "enter_size_postfix": "Entrez le postfixe de taille",
  "for_example_Sq_Ft": "Par exemple : Pieds carrés",
  "bedrooms": "Chambres à coucher",
  "bathrooms": "Salles de bain",
  "select_and_upload": "Sélectionnez et téléchargez",
  "upload_media": "Télécharger le média",
  "click_on_the_star_icon_to_select_the_cover_image": "Cliquez sur l'icône étoile pour sélectionner l'image de couverture.",
  "you_have_reached_the_limit": "Vous avez atteint la limite",
  "agreement_upload_property": "Je consens à ce que ce site Web stocke les informations que j'ai soumises, lire plus d'informations ci-dessous :",
  "please_accept_terms_text": "Veuillez accepter les termes et conditions",
  "add_property": "Ajouter une propriété",
  "your_property_is_being_uploaded": "Votre propriété est en train d'être téléchargée !",
  "you_are_not_logged_in": "Vous n'êtes pas connecté pour ajouter cette propriété ! Votre propriété sera téléchargée après la connexion.",
  "login": "Connexion",
  "activities": "Activités",
  "leads": "Leads",
  "last_24_hours": "Dernières 24 heures",
  "last_7_days": "7 derniers jours",
  "last_30_days": "30 derniers jours",
  "deals": "Affaires",
  "active": "Actif",
  "won": "Gagné",
  "lost": "Perdues",
  "new_lead": "Nouveau Prospect",
  "from": " de ",
  "name": "Nom",
  "email": "Courriel",
  "phone": "Téléphone",
  "type": "Type",
  "setting_and_privacy": "Paramètres et confidentialité",
  "demo_configuration": "Configuration de la démo",
  "enter_your_own_wordpress": "Entrez l'URL de votre propre site WordPress pour le tester avec cette application. (Le plugin Houzi Mobile API est requis)",
  "enter_your_wordpress_url": "Entrer l'URL de WordPress",
  "cancel": "Annuler",
  "save": "Enregistrer",
  "this_app_requires_plugin": "Cette application nécessite un plugin que vous devez installer sur votre wordpress Houzez. Le plugin requis est manquant, veuillez l'installer à partir du lien suivant.",
  "ok": "OK",
  "item_theme_design": "Design du thème de l'article",
  "customise_your_item_theme_design": "Personnalisez le design du thème de votre article.",
  "explore_by_type_theme_design": "Explorez les thèmes",
  "preference": "Préférences",
  "customise_your_experience_on_app": "Personnalisez votre expérience sur {.}.",
  "@customise_your_experience_on_app": {
    "description": "App name here",
    "placeholders": {
      "app_name": {
        "type": "String"
      }
    }
  },
  "dark_mode": "Mode sombre",
  "community_standards_and_legal_policies": "Normes communautaires et politiques juridiques",
  "terms_and_conditions": "Conditions générales d'utilisation",
  "privacy_policy": "Politique de confidentialité",
  "about": "À propos de",
  "item_design_is_successfully_updated": "Le design de l'article a été mis à jour avec succès",
  "explore_by_type_is_successfully_updated": "Explorer par type de thème : le design des articles a été mis à jour avec succès.",
  "edit": "Modifier",
  "delete": "Supprimer",
  "action": "Action",
  "inquiries": "Demandes de renseignements",
  "inquiry_detail": "Détail de la demande",
  "id": "ID",
  "contact": "Contact",
  "listing_type": "Type d'annonce",
  "price": "Prix",
  "built_up": "Construit",
  "property_type": "Type de propriété",
  "message": "Message",
  "matching_list": "Liste de correspondance",
  "view": "Voir",
  "inquiry_delete_successfully": "Demande de suppression réussie",
  "error_occurred": "Une erreur s'est produite",
  "inquiry_form": "Formulaire de demande de renseignements",
  "enter_the_deal_title": "Entrez le titre de l'opération",
  "this_field_cannot_be_empty": "Ce champ ne peut pas être vide !",
  "information": "Informations",
  "select": "Sélectionnez",
  "address": "Adresse",
  "Address": "Adresse",
  "country": "Pays",
  "enter_the_country": "Entrez le pays",
  "states": "États",
  "enter_the_states": "Entrez l'état",
  "city": "Ville",
  "enter_the_city": "Entrez la ville",
  "area": "Zone",
  "enter_the_area": "Entrez la région",
  "zip_code": "Code postal",
  "enter_the_zip_code": "Entrez le code postal",
  "private_note": "Note privée",
  "added_successfully": "Ajouté avec succès",
  "submit": "Soumettre",
  "max_price": "Prix Max",
  "enter_the_max_price": "Entrez le prix maximum",
  "minimum_size": "Taille minimale",
  "enter_the_min_size": "Entrez la taille minimale (en pieds carrés)",
  "contact_name": "Nom du contact",
  "agent": "Agent",
  "no_result_found": "Aucun résultat trouvé",
  "oops_activities_not_exist": "Oups ! Il semble que les activités que vous essayez d'atteindre n'existent pas.",
  "oops_inquiries_not_exist": "Oups ! Il semble que les enquêtes que vous essayez d'atteindre n'existent pas.",
  "oops_deals_not_exist": "Oups ! Il semble que les offres que vous essayez d'atteindre n'existent pas.",
  "oops_leads_not_exist": "Oups ! Il semble que les pistes que vous essayez d'atteindre n'existent pas.",
  "go_back": "RETOURNER",
  "add_new_deal": "Ajouter une nouvelle affaire",
  "title": "Titre",
  "deal_value": "Valeur de l'offre",
  "enter_the_deal_value": "Entrez la valeur de l'offre",
  "group": "Groupe",
  "deal_has_been_added": "L'affaire a été ajoutée",
  "lead_form": "Formulaire pour les prospects",
  "first_name": "Prénom",
  "last_name": "Nom de famille",
  "enter_first_name": "Entrez le prénom",
  "enter_last_name": "Entrez le nom de famille",
  "enter_email_address": "Entrez votre adresse e-mail",
  "enter_mobile_address": "Entrez le numéro de téléphone mobile",
  "enter_home_number": "Entrez le numéro du domicile",
  "enter_work_number": "Entrez le numéro de téléphone au travail",
  "enter_the_address": "Entrez l'adresse",
  "mobile": "Mobile",
  "home_number": "Numéro de domicile",
  "work_number": "Numéro de travail",
  "source": "Source",
  "social": "Social",
  "facebook": "Facebook",
  "twitter": "Twitter",
  "linkedIn": "LinkedIn",
  "instagram": "Instagram",
  "youtube": "Youtube",
  "pinterest": "Pinterest",
  "vimeo": "Vimeo",
  "skype": "Skype",
  "website": "Website",
  "enter_facebook_profile_url": "Entrez l'url du profil Facebook",
  "enter_twitter_profile_url": "Entrez l'url du profil Twitter",
  "enter_linkedIn_profile_url": "Entrez l'adresse du profil LinkedIn",
  "enter_instagram_profile_url": "Entrez l'adresse du profil Instagram",
  "inquiry_type": "Type de demande",
  "deal_detail": "Détail de l'affaire",
  "deal_deleted": "Affaire supprimée",
  "last_contact_date": "Date du dernier contact",
  "action_due_date": "Date d'échéance de l'action",
  "next_action": "Action suivante",
  "status": "Statut",
  "all_properties": "Toutes les propriétés",
  "admin": "Admin",
  "properties": "Propriétés",
  "properties_by_user": "Propriétés par utilisateur",
  "delete_property": "Supprimer un bien",
  "put_on_hold": "Mettre en attente",
  "publish_property": "Publier une propriété",
  "no_properties_error_message_search_by_id": "Oups ! Il semble que le bien que vous essayez de rechercher n'existe pas. Essayez d'utiliser un autre ID de bien immobilier.",
  "no_properties_error_message_filter_page_search": "Oups ! Il semble que le bien immobilier que vous essayez de rechercher n'existe pas. Essayez d'utiliser un autre paramètre de filtre",
  "no_properties_error_message": "Aucune propriété n'a encore été ajoutée par l'utilisateur",
  "no_recent_properties_error_message": "Vous n'avez recherché aucun bien",
  "select_location": "Sélectionner l'emplacement",
  "filters": "Filtres",
  "price_range": "Fourchette de prix",
  "change_currency": "Changer la devise",
  "area_range": "Zone de prix",
  "change_area_unit": "Changer d'unité de surface",
  "i_want_to": "Je veux",
  "reset": "Réinitialiser",
  "enquire_information": "Demande d'informations",
  "hello_i_am_interested_in": "Bonjour, je suis intéressé par {title} {url} {perma_link}",
  "@hello_i_am_interested_in": {
    "description": "Interested in property msg",
    "placeholders": {
      "title": {
        "type": "String"
      },
      "url": {
        "type": "String"
      },
      "perma_link": {
        "type": "String"
      }
    }
  },
  "email_capital": "EMAIL",
  "call_capital": "APPELEZ",
  "share_the_news": "Partagez les nouvelles : ",
  "details": "Détails",
  "Details": "Détails",
  "additional_details": "Détails supplémentaires",
  "less_details": "Moins de détails",
  "more_details": "Plus de détails",
  "features": "Caractéristiques",
  "Features": "Caractéristiques",
  "read_less": "Lire moins",
  "read_more": "Lire plus",
  "floor_plans": "Plans d'étage",
  "FloorPlans": "Plans d'étage",
  "contact_information": "Informations de contact",
  "Contact Information": "Informations de contact",
  "enquire_info": "DEMANDER DES INFORMATIONS",
  "setup_tour": "ORGANISER UNE VISITE",
  "watch_video": "REGARDER LA VIDÉO",
  "virtual_tour_capital": "VISITE VIRTUELLE",
  "related_properties": "Propriétés connexes",
  "Related Properties": "Propriétés connexes",
  "message_sent_successfully": "Message envoyé avec succès",
  "tour_scheduled_successfully": "Visite programmée avec succès",
  "message_failed_to_send": "Échec de l'envoi du message",
  "tour_failed_to_scheduled": "La visite n'a pas été programmée",
  "please_wait_data_is_loading": "Veuillez patienter... Les données sont en cours de chargement",
  "realtor_info": "Informations sur l'agent immobilier",
  "agent_rating": "Évaluation de l'agent",
  "license": "Licence : ",
  "tax_number": "Numéro de taxe : ",
  "service_areas": "Zones de service : ",
  "specialties": "Spécialités : ",
  "listings": "Listes",
  "agency": "Agence",
  "agents": "Agents",
  "office": "Bureau : ",
  "mobile_with_colon": "Mobile : ",
  "fax_with_colon": "Fax : ",
  "email_with_colon": "Email : ",
  "realtor_message": "Bonjour {user_name}, J'ai vu votre profil sur  {app_name} et je voulais voir si je pouvais obtenir de l'aide. {perma_link}",
  "@realtor_message": {
    "description": "application name",
    "placeholders": {
      "user_name": {
        "type": "String"
      },
      "app_name": {
        "type": "String"
      },
      "perma_link": {
        "type": "String"
      }
    }
  },
  "hi": "Bonjour",
  "send_email": "Envoyer le courriel",
  "call": "Appelez",
  "more": "Plus de",
  "sort_by": "Trier par",
  "searching": "Recherche...",
  "results": "résultats",
  "Results": "Résultats",
  "help": "Aide",
  "your_name": "Votre nom",
  "enter_your_name": "Entrez votre nom",
  "enter_your_phone_number": "Entrez votre numéro de téléphone",
  "enter_your_msg": "Entrez votre message  ",
  "by_submitting_this_form_i_agree": "En soumettant ce formulaire, j'accepte",
  "to_the": " les",
  "terms_of_use": " Conditions d'utilisation",
  "term_and_agreement_message": "En soumettant ce formulaire, j'accepte les {terms_of_use}.",
  "please_accept_terms_of_use": "Veuillez accepter les conditions d'utilisation",
  "forgot_password": "Mot de passe oublié",
  "enter_the_email_address_or_user_name": "Entrez l'adresse e-mail ou le nom d'utilisateur.",
  "user_name_email": "Nom d'utilisateur/adresse électronique",
  "enter_your_user_name_or_email_address": "Entrez votre nom d'utilisateur ou votre adresse e-mail",
  "confirmation_message_sent_to_your_email": "Message de confirmation envoyé à votre email",
  "invalid_username": "Nom d'utilisateur invalide",
  "user_profile": "Profil de l'utilisateur",
  "user_Login_successfully": "Connexion de l'utilisateur réussie",
  "user_login_failed": "Echec de la connexion de l'utilisateur !",
  "forgot_password_with_question_mark": "Mot de passe oublié ?",
  "sign_up_capital": "S'INSCRIRE",
  "do_not_have_an_account": "Vous n'avez pas de compte ? ",
  "enter_your_password": "Entrez votre mot de passe",
  "password": "Mot de passe",
  "login_capital": "LOGIN",
  "already_have_an_account": "Vous avez déjà un compte ? ",
  "sign_up": "S'inscrire",
  "user_already_registered": "Utilisateur déjà inscrit",
  "user_sign_up_successfully": "Utilisateur s'est inscrit avec succès",
  "i_accept_terms": "J'accepte les conditions",
  "select_your_account_type": "Sélectionnez votre type de compte",
  "confirm_your_password": "Confirmez votre mot de passe",
  "confirm_password": "Confirmer le mot de passe",
  "enter_your_email_address": "Entrez votre adresse e-mail",
  "enter_your_user_name": "Entrez votre nom d'utilisateur",
  "user_name": "Nom d'utilisateur",
  "gdpr_agreement": "Accord GDPR",
  "i_consent_to_having_this_website_to_store_my_submitted_information_read_more_information": "Je consens à ce que ce site web stocke les informations que j'ai soumises, lire plus d'informations :",
  "property_information": "Informations sur la propriété",
  "i_am_a": "Je suis un(e)",
  "email_address": "Adresse e-mail",
  "your_message": "Votre message",
  "contact_us": "Nous contacter",
  "back": "Retour",
  "upload_at_least_one_image": "Veuillez télécharger au moins une image",
  "next": "Suivant",
  "please_accept_the_gdpr_agreement": "Veuillez accepter l'accord GDPR",
  "map": "Carte",
  "drag_and_drop_the_pin_on_map_to_find_exact_location": "Faites glisser et déposez l'épingle sur la carte pour trouver l'emplacement exact.",
  "add_property_map_additional_hint" : "Appuyez sur la carte pour sélectionner l'emplacement exact",
  "latitude": "Latitude",
  "longitude": "Longitude",
  "enter_address_longitude": "Saisir la longitude de l'adresse",
  "enter_address_latitude": "Saisir la latitude de l'adresse",
  "address_star": "Adresse ",
  "enter_your_property_address": "Entrez l'adresse de votre propriété",
  "what_information_do_you_want_to_display_in_agent_data_container": "Quelles informations voulez-vous afficher dans le conteneur de données de l'agent ?",
  "add_new": "Ajouter nouveau",
  "enter_year_built": "Entrez l'année de construction",
  "year_built": "Année de construction",
  "for_example_hz_01": "Par exemple : HZ-01",
  "enter_property_id": "Entrez l'ID de la propriété",
  "property_id": "ID de la propriété",
  "enter_garage_size": "Entrez la taille du garage",
  "garage_size": "Taille du garage",
  "number_of_garages": "Nombre de garages",
  "garages": "Garages",
  "enter_land_area": "Entrez la superficie du terrain",
  "land_area": "Surface du terrain",
  "minimum_size_800_600_px": "(Taille minimale 800x600 px)",
  "select_image": "Sélectionnez une image",
  "plan_image": "Image du plan",
  "enter_the_plan_description": "Saisir la description du plan",
  "enter_the_plan_size": "Entrez la taille du plan",
  "plan_size": "Taille du plan",
  "enter_price_postfix": "Entrez le postfixe du prix",
  "price_postfix": "Postfixe du prix",
  "enter_the_plan_title": "Entrez le titre du plan",
  "plan_title": "Titre du plan",
  "enter_the_second_price": "Entrez le deuxième prix",
  "second_price_optional": "Deuxième prix (facultatif)",
  "for_example_monthly": "Par exemple : Mensuel",
  "enter_the_after_price": "Entrez le prix après",
  "after_the_price": "Après le prix",
  "for_example_start_from": "Par exemple : À partir de",
  "enter_the_price_prefix": "Entrez le préfixe du prix",
  "price_prefix": "Préfixe du prix",
  "label": "Étiquette",
  "for_example": "Par exemple : ",
  "youtube_vimeo_swf_file_and_mov_file_are_supported": "Youtube, Vimeo, les fichiers SWF et MOV sont supportés.",
  "video_url": "URL de la vidéo",
  "video": "Vidéo",
  "media": "Média",
  "fifty_files": "/50 fichiers",
  "write_private_note_for_this_property_it_will_not_display_for_public": "Ecrivez une note privée pour cette propriété, elle ne sera pas affichée pour le public.",
  "enter_the_note_here": "Entrez la note ici",
  "property_settings": "Paramètres de la propriété",
  "do_you_want_to_mark_this_property_as_featured": "Voulez-vous marquer cette propriété comme étant en vedette ?",
  "the_user_must_be_logged_in_to_view_this_property": "L'utilisateur doit être connecté pour voir cette propriété ?",
  "disclaimer": "Avis de non-responsabilité",
  "sub_listings": "Sous-annonces",
  "Sub Listings": "Sous-annonces",
  "enter_the_date": "Entrez la date",
  "availability_date": "Date de disponibilité",
  "enter_property_type": "Entrez le type de propriété",
  "property_size": "Taille de la propriété",
  "virtual_tour": "Visite virtuelle à 360",
  "enter_virtual_tour_iframe_embedded_code": "Entrez le code iframe/embedded de la visite virtuelle",
  "dark_mode_settings": "Paramètres du mode sombre",
  "use_system_settings": "Utiliser les paramètres du système",
  "we_ll_adjust_your_appearance_based_on_your_device_system_settings": "Nous ajusterons votre apparence en fonction des paramètres système de votre appareil.",
  "off": "Désactivé",
  "on": "Activé",
  "no_image_found": "Aucune image trouvée",
  "no_plan_available": "Oups ! Aucune image de plan d'étage n'a été trouvée.",
  "schedule_a_tour": "Planifier une visite",
  "tour_type": "Type de visite",
  "date": "Date",
  "select_tour_date": "Sélectionnez la date de la visite",
  "select_tour_time": "Sélectionnez l'heure de la visite",
  "your_information": "Vos informations",
  "tour_information": "Informations sur la visite",
  "time": "Heure",
  "wordpress_url_optional": "URL du site web (facultatif)",
  "enter_wordpress_url": "Entrez l'URL de Wordpress",
  "web_example": "Par exemple : http://booleanbites.com/",
  "home": "Accueil",
  "dashboard": "Tableau de bord CRM",
  "settings": "Paramètres",
  "request_demo": "Demander une démo",
  "log_out": "Se déconnecter",
  "please_enter_a_complete_url": "Veuillez entrer une url complète",
  "are_you_sure_you_want_to_log_out": "Êtes-vous sûr de vouloir vous déconnecter ?",
  "yes": "Oui",
  "i_accept": "J'accepte",
  "add_new_lead": "Ajouter une nouvelle piste",
  "add_new_inquiry": "Ajouter une nouvelle demande",
  "add_to_fav": "Ajouter aux favoris",
  "remove_from_fav": "Retirer des favoris",
  "data_loading": "Veuillez patienter... les données sont en cours de chargement",
  "property_uploaded": "Propriété téléchargée",
  "view_property": "Voir la propriété",
  "search_by_property_id": "Recherche par ID de propriété",
  "go": "ALLER À",
  "recent_searches": "Recherches récentes",
  "lead_deleted": "Recherche supprimée",
  "favorites": "Favoris",
  "delete_confirmation": "Êtes-vous sûr de vouloir supprimer ?",
  "featured_tag": "EN VEDETTE",
  "Featured": "EN VEDETTE",
  "title_property_types": "Types de propriétés",
  "done": "Fait",
  "zero": "0",
  "to": "À",
  "any": "Tout",
  "quick_edit": "Edition rapide",
  "search_saved_successfully": "Recherche enregistrée avec succès",
  "you_must_login": "Vous devez vous connecter",
  "before_saving_search": " avant de sauvegarder la recherche",
  "before_adding_to_favorites": " avant d'ajouter aux favoris",
  "saved_searches": "Recherches sauvegardées",
  "removed_from_saved_searches": "Supprimé des recherches enregistrées",
  "show_less": "Montrer moins",
  "show_more": "Montrer plus",
  "delete_lead": "Supprimer la piste",
  "delete_inquiry": "Supprimer l'enquête",
  "delete_deal": "Supprimer une affaire",
  "uploading_image": "Télécharger une image",
  "press_again_to_exit": "Appuyez à nouveau pour quitter",
  "locations_text": "Sites",
  "leave_a_review": "Laisser un avis",
  "enter_a_title": "Saisir un titre",
  "write_a_review": "Rédiger un commentaire",
  "review": "Donnez votre avis sur",
  "at_least_give_one_star": "Donnez au moins une étoile",
  "before_leaving_a_review": " avant de laisser un avis",
  "reviews": "Critiques",
  "Reviews": "Critiques",
  "see_more": "Voir plus",
  "tell_others_what_you_think": "Dites aux autres ce que vous pensez",
  "give_a_review": "Donner un avis",
  "retry": "Réessayer",
  "no_internet_connection": "PAS DE CONNEXION INTERNET",
  "no_internet_connection_retry_again_message": "Il y a eu un problème de connexion à l'Internet. Veuillez cliquer sur 'Retenter' pour vous reconnecter.",
  "saved": "Enregistré",
  "no_internet_connection_error_message_01": "PAS DE CONNEXION À L'INTERNET",
  "no_internet_connection_body_error_message": "Il y a eu un problème de connexion à l'Internet. Veuillez cliquer sur ",
  "profile": "Profil",
  "no_internet_connection_error_message_02": "Vérifiez votre connexion et réessayez",
  "refine_search_text": "Affiner la recherche",
  "received_a_new_rating_from": "Reçu une nouvelle évaluation de",
  "enter_the_email": "Entrez l'email",
  "title_position": "Titre / Position",
  "whatsApp": "WhatsApp",
  "fax_number": "Numéro de fax",
  "company_name": "Nom de l'entreprise",
  "about_me": "A propos de moi",
  "upload_photo": "Télécharger la photo",
  "language_label": "Langue",
  "profile_updated_successfully": "Profil mis à jour avec succès",
  "display_name": "Afficher le nom",
  "choose_location": "Choisir le lieu",

  "select_city": "Choisir la ville",
  "edit_profile": "Modifier le profil",
  "update_profile": "Mettre à jour le profil",
  "view_result": "Voir le résultat",
  "oops_saved_search_not_exist": "Oups ! Il semble que la recherche enregistrée que vous essayez d'atteindre n'existe pas.",
  "minimum_image_size_text": "L'image doit être minimale",
  "minimum_image_width_text": "La largeur de l'image doit être minimale",
  "minimum_image_height_text": "La hauteur de l'image doit être minimale",
  "portraits_are_not_allowed_text": "Les portraits ne sont pas autorisés",
  "version_text": "Version",
  "no_saved_searches_found": "Vous n'avez pas enregistré de recherche, vous pouvez enregistrer vos recherches pour un accès rapide à l'avenir.",
  "no_fav_found": "Vous n'avez marqué aucun bien comme favori. Vous pouvez marquer les propriétés pour garder un œil sur vos annonces préférées.",
  "demo_version_expired": "Version de démonstration expirée",
  "contact_developer_for_latest_version": "Cette version de démonstration n'est plus prise en charge, veuillez contacter votre développeur pour obtenir une version plus récente.",
  "language_settings": "Paramètres de langue",
  "select_language": "Sélectionnez Langue",
  "about_app_description_text01": "et les logos",
  "about_app_description_text02": "sont des marques déposées de",
  "about_app_description_text03": "Tous droits réservés.",
  "no_agents_found": "Aucun agent trouvé.",
  "no_agencies_found": "Aucune agence trouvée.",
  "agencies": "Agences",
  "find_agent": "Trouver un agent",
  "find_agency": "Trouver une agence",
  "search_agent": "Rechercher un agent",
  "all_categories": "Toutes les catégories",
  "all_cities": "Toutes les villes",
  "enter_keyword": "Entrez un mot-clé",
  "search_agency": "Rechercher une agence",
  "plug_in_text": "Plug-in",
  "whatsapp": "WhatsApp",
  "i_saw_your_profile_on": "J'ai vu votre profil sur ",
  "and_wanted_to_see_if_i_can_get_some_help": " et je voulais voir si je pouvais obtenir de l'aide.",
  "my_properties": "Mes propriétés",
  "edit_property": "Modifier la propriété",
  "view_all": "Voir tout",


  "log_in_to_your_account": "Connectez-vous à votre compte",
  "enter_valid_email": "S'il vous plaît, mettez une adresse email valide",
  "password_length_at_least_eight": "La longueur du mot de passe doit être d'au moins 8 caractères",
  "enter_phone": "Veuillez entrer votre numéro de téléphone",
  "enter_valid_phone": "S'il vous plait entrez un numéro de téléphone valide",
  "user_name_at_least_three": "Le nom d'utilisateur doit comporter au moins 3 lettres !",
  "remove_whitespace": "Veuillez supprimer les caractères d'espacement",
  "first_price": "First Price",
  "second_price": "Second Price",
  "property_status": "Property Status",
  "property_unique_id": "Property unique id",
  "pool_size": "Pool Size",
  "deposit": "deposit",
  "last_remodel_year": "Last remodel year",
  "amenities": "Amenities",
  "additional_rooms": "Additional Rooms",
  "equipment": "Equipment",
  "air_conditioning": "Air Conditioning",
  "broadband": "Broadband",
  "intercom": "Intercom",
  "pay_tv": "Pay Tv",
  "pool": "Pool",
  "security_system": "Security System",
  "swimming_pool": "Swimming Pool",
  "tv_cable": "TV Cable",
  "wifi": "WiFi",
  "gym": "Gym",
  "first_floor": "First Floor",
  "second_floor": "Second Floor",
  "out_of_five": " out of 5)",
  "barbeque": "Barbeque",
  "dryer": "Dryer",
  "laundry": "Laundry",
  "lawn": "Lawn",
  "outdoor_shower": "Outdoor Shower",
  "refrigerator": "Refrigerator",
  "sauna": "Sauna",
  "washer": "Washer",
  "window_coverings": "Window Coverings",
  "author_info": "Informations sur l'auteur",
  "agent_info_choose_list": "Informations sur l'agent (choisissez l'agent dans la liste ci-dessous)",
  "agency_info_choose_list": "Informations sur l'agence (Choisissez l'agence dans la liste ci-dessous)",
  "do_not_display": "Ne pas afficher",
  "from_camera": "De la caméra",
  "from_gallery": "De la galerie",
  "reviews_rating_out_of": "({rating} out of 5)",
  "@reviews_rating_out_of": {
    "description": "Rating",
    "placeholders": {
      "rating": {
        "type": "String"
      }
    }
  },
  "property_share_msg": "Hé, consultez cette propriété ici: {title} {url}",
  "@property_share_msg": {
    "description": "Msg share",
    "placeholders": {
      "title": {
        "type": "String"
      },
      "url": {
        "type": "String"
      }
    }
  },

  "select_agent": "Veuillez sélectionner un agent dans la liste",
  "select_agency": "Veuillez sélectionner l'agence dans la liste",
  "search_in_this_area": "Rechercher dans ce domaine",
  "log_in_google": "Connectez-vous avec Google",
  "log_in_facebook": "Se connecter avec Facebook",
  "log_in_apple": "Connectez-vous avec Apple",
  "log_in_phone": "Connectez-vous avec le téléphone",


  "draft_properties_exit_menu_title_text": "Enregistrer cette propriété en tant que brouillon?",
  "draft_properties_exit_menu_subtitle_text": "Si vous défaussez maintenant, vous perdrez cette propriété.",
  "draft_properties_exit_menu_option_save": "Enregistrer le brouillon",
  "draft_properties_exit_menu_option_discard": "Jeter la propriété",
  "draft_properties_exit_menu_option_keep_editing": "Continuez à éditer",
  "draft_properties_toast_error_text": "Veuillez entrer le titre de la propriété",
  "draft_properties": "Propriétés de brouillon",
  "draft_properties_no_result_found_header_message": "Aucun brouillon trouvé",
  "draft_properties_no_result_found_body_message": "Aucun brouillon n'a encore été ajouté par l'utilisateur.",
  "draft_properties_your_draft_is_saved": "Votre brouillon est enregistré !",

  "whatsapp_hello_i_am_interested_in": "Bonjour, je suis intéressé par {title} {url}",
  "radius_km": "Radius {km} km",
  "password_does_not_match" : "Le mot de passe ne correspond pas",
  "multi_units" : "Unités multiples",

  "change_password" : "Changer le mot de passe",
  "delete_account" : "Supprimer le compte",
  "update_password" : "Mettre à jour le mot de passe",
  "delete_my_account" : "Supprimer mon compte",
  "delete_account_confirmation" : "Êtes-vous sûr de vouloir supprimer votre compte ?",
  "manage_profile" : "Gérer le profil",

  "value": "Valeur",
  "additional_feature_title_hint": "E.g: Equipment",
  "additional_feature_value_hint": "Grill - Gas",
  "enter_user_type": "Enter User Type (buyer,agent etc)",
  "please_enter_keyword" : "Please Enter Keyword",

  "open_in_map" : "Ouvrir sur la carte",
  "message_already_sent" : "Vous avez déjà envoyé un message pour cette propriété.",


  "add_request_property": "Add Request Property",
  "request_property": "Demander une propriété",

  "selected": "Selected",

  "multi_select_drop_down_item_selected": "{count} items selected",

  "region" : "Region",

  "no" : "Non",

  "Home" : "Maison",
  "Home 01" : "Maison 01",
  "Home 02" : "Maison 02",
  "Home 03" : "Maison 03",
  "Home Carousel" : "Carrousel de Maison",
  "Home Elegant" : "Maison élégante",
  "Home Location" : "Emplacement de la Maison",
  "Home Tabbed" : "Maison à Onglets",
  "Add Property" : "Ajouter une propriété",
  "Quick Add Property" : "Propriété d'ajout rapide",
  "Properties" : "Propriétés",
  "Agents" : "Agents",
  "Agencies" : "Agences",
  "Property Request" : "Demande de propriété",
  "Favorites" : "Favoris",
  "Saved Searches" : "Recherches sauvegardées",
  "CRM Dashboard" : "Tableau de bord CRM",
  "Activities" : "Activités",
  "Inquiries" : "Demandes de renseignements",
  "Deals" : "Affaires",
  "Leads" : "Leads",
  "Settings" : "Paramètres",
  "Request Demo" : "Demander une démo",
  "Login" : "Connexion",
  "Log Out" : "Se déconnecter",

  "Listing IDs" : "ID d'annonce",
  "Listing IDs Hint" : "Entrez les identifiants de la liste séparés par des virgules",
  "OR": "OU",
  "Listing IDs Additional Hint": "Par exemple 4,5,6",

  "Select Properties" : "Sélectionnez Propriétés",
  "category" : "Category",
  "add_new_agent" : "Add New Agent",
  "My Agents" : "My Agents",
  "send_email_new_user" : "Send the new user an email about their account.",
  "edit_agent" : "Edit Agent",

  "refresh": "Refresh",
  "see_all": "See All",

  "author": "Auteur",
  "view_floor_plan": "Voir le plan d'étage >",
  "current_location": "Localisation actuelle",

  "Hello" : "Bonjour",
  "What are you looking for?": "Que cherchez-vous?",

  "showing_sorted_results": "montrant les résultats '{sort_item}'",

  "edit_deal": "Modifier l'offre",

  "view_sub_listing": "Voir la sous-liste >",

  "add_user": "Ajouter un utilisateur",
  "send_otp": "Envoyer OTP",
  "otp_sent": "OTP est envoyé à votre numéro",
  "otp_verification": "Vérification OTP",
  "search_property" : "Rechercher une propriété"
}