{
  "First Price": "نرخی یه‌كه‌م",
  "Second Price": "نرخی دووه‌م",
  "Property Status": "حاله‌تی مولك",
  "Property Unique ID": "كودی تایبه‌تی مولك(ID)",
  "Pool Size": "رووبه‌ری مولك",
  "deposit": "پاره‌ی پێشه‌كی",
  "Last remodel year": "كوتا سالی نوژه‌نكردنه‌وه‌",
  "Amenities": "خزمه‌تگوزارییه‌كان",
  "Additional Rooms:": "ژووری زیاده‌",
  "Equipment": "ئامیره‌كان",
  "Air Conditioning": "Air Conditioning",
  "Microwave": "مایکرۆوەیڤ",
  "Broadband": "فراوانی",
  "Intercom": "هێلی ماله‌وه‌",
  "Pay Tv": "په‌ی تی ڤی",
  "Pool": "مه‌له‌وانگه‌",
  "Security System": "كامێرای چاودێری",
  "Swimming Pool": "مەلەوانگە",
  "TV Cable": "کەیبڵی تەلەفزیۆن",
  "WiFi": "WiFi",
  "Gym": "Gym",
  "First Floor": "نهومی یه‌كه‌م",
  "Second Floor": "نهومی دووه‌م",
  "Barbeque": "Barbeque",
  "Dryer": "وشککەرەوە",
  "Laundry": "جلشۆرگە",
  "Lawn": "گژوگیا",
  "Outdoor Shower": "دوش لە دەرەوە",
  "Refrigerator": "سەلاجە",
  "Sauna": "ساونا",
  "Washer": "Washer",
  "Window Coverings": "ڕووپۆشی پەنجەرە",
  "Property ID": "كودی مولك(ID)",
  "Price": "نرخ",
  "Property Type": "جوری مولك",
  "Bedrooms": "ژووری نوستن",
  "Bathrooms": "گه‌رماو",
  "Garage": "گه‌راج",
  "Garage Size": "رووبه‌ری گه‌راج",
  "Year Built": "سالی دروستكردن",
  "Property Size": "رووبه‌ری مولك",
  "Balcony": "بالكون",
  "Kitchen set": "سێتی چێشتخانە",
  "Security Camera": "کامێرای سیكیوریتی",
  "Apartment": "شوقە",
  "Commercial": "بازرگانی",
  "Condo": "شوقه‌",
  "Multi Family Home": "مالێكی فره‌ خێزانی",
  "Office": "نوسینگه",
  "Residential": "نیشتەجێبوون",
  "Shop": "دوکان",
  "Single Family Home": "خانوو",
  "Studio": "ستۆدیۆ",
  "Villa": "ڤیلا",
  "Building": "بینایه ",
  "Project & Tower": "پروژه كان&تاوه ره كان",
  "Project": "پروژه كان",
  "Tower": "تاوه ره كان",
  "Duplex": "دوبلێكس",
  "Farm": "مه زره عه ",
  "Home" : "خانوو",
  "Land": "زهوی",
  "Hot Offer": "ئۆفەری گەرم",
  "Open House": "خانووی كراوه‌",
  "Sold": "فرۆشرا",
  "New": "نوێ",
  "Buy": "كرین",
  "For Rent": "بو كرێ",
  "For Sale": "بۆ فرۆشتن",
  "Foreclosures": "ره‌هینه‌(حجزالرهن)",
  "New Construction": "نوێ دروستكراوه‌",
  "New Listing": "مولكی نوێ",
  "Reduced Price": "نرخی دابه‌زێندراوه‌",
  "Resale": "دووباره‌ فروشتنه‌وه‌",
  "Grid": "تور",
  "List": "لیست",
  "Map": "نه‌خشه‌",
  "Filter": "فیلته‌ر",
  "Sort": "رێزكردن",
  "Save": "خه‌زنكردنه‌وه‌",
  "Newest": "نوێترین",
  "Oldest": "كونترین",
  "Price (low to high)": "نرخ (نزم بو به‌رز)",
  "Price (high to low)": "نرخ (به‌رز بو نزم)",
  "Featured Properties": "مولكی تایبه‌تمه‌ند",
  "Latest Properties": "نویترین مولك",
  "in_": "له‌",
  "Explore Cities": "دوزینه‌وه‌ی شار",
  "Explore By Type": "دوزینه‌وه‌ به‌پێی جور",
  "Meet Our Agents": "چاوپێكه‌وتن به‌ بریكاره‌كان",
  "Meet Our Agencies": "چاوپێكه‌وتن به‌ نوسینگه‌كان",
  "Recent Searches": "گه‌رانه‌كانی ئه‌م دواییه‌",
  "I want to": "ده‌مه‌وێ كه‌",
  "Property Types": "جوره‌كانی مولك",
  "Area range": "مه‌ودای رووبه‌ر",
  "Price range": "مه‌ودای نرخ",
  "Latest properties in": "نوێترین مولكه‌كان له‌",
  "All": "گشت",
  "In Person": "به‌ شه‌خسی",
  "Video Chat": "ڤیدیو چات",
  "I am a Buyer": "من بكرم",
  "I am a Tenant": "من كرێچیم",
  "I am a Agent": "من بریكارم",
  "Others": "زیاتر",
  "Keyword": "وشه‌ی سه‌ره‌كی",
  "language": "ئینگلیزی",
  "search": "گه‌ران",
  "location": "شوێن",
  "please_select": "تكایه‌ ده‌ستنیشان بكه‌",
  "buy": "كرین",
  "rent": "كرێ",
  "featured_properties": "مولكه‌كانی تایبه‌تمه‌ند",
  "latest_properties": "نوێترین مولك",
  "latest_properties_in_city": "{city_name} نوێترین مولك له‌",
  "@latest_properties_in_city": {
    "description": "city name",
    "placeholders": {
      "city_name": {
        "type": "String"
      }
    }
  },
  "in_": "له‌",
  "explore_cities": "دوزینه‌وه‌ی شار",
  "explore_by_type": "دوزینه‌وه‌ به‌پێی جور",
  "meet_our_real_estate_agents": "چاوپێكه‌وتن به‌ بریكاره‌كان",
  "meet_our_real_estate_agencies": "چاوپێكه‌وتن به‌ نوسینگه‌كان",
  "quick_add_property": "خێرا زیادكردنی مولك",
  "property_title": "ناونیشانی موڵک (تایتل)",
  "property_title_cannot_be_empty": "!ناونیشانی موڵک (تایتل) ناتوانێ بەتاڵ بێت",
  "enter_your_property_title": "ناونیشانی موڵکەکەت (تایتل) بنووسە",
  "content": "ناوەڕۆک",
  "property_description_cannot_be_empty": "!وەسفکردنی موڵک ناتوانێت بەتاڵ بێت",
  "description": "وه‌سف",
  "sale_or_rent_price": "نرخی فروشتن یان كرێ",
  "enter_the_price": "نرخه‌كه‌ بنووسه‌",
  "price_field_cannot_be_empty": "!شوێنی نرخ ناتوانێت بەتال بێت",
  "area_size": "رووبه‌ری مولك",
  "area_size_cannot_be_empty": "!رووبه‌ری مولك ناتوانێت به‌تال بێت",
  "enter_area_size": "رووبه‌ری مولك بنووسه‌",
  "only_digits": "ته‌نها ژماره‌",
  "size_postfix": "Size Postfix",
  "area_size_postfix_cannot_be_empty": "Area size postfix field cannot be empty!",
  "enter_size_postfix": "Enter size postfix",
  "for_example_Sq_Ft": "Sq Ft بو نموونه‌ پێ دووجا",
  "bedrooms": "ژووری نوستن",
  "bathrooms": "گه‌رماو",
  "select_and_upload": "هه‌لبژێره‌ و بلاو بكه‌",
  "upload_media": "بلاوكردنی میدیا",
  "click_on_the_star_icon_to_select_the_cover_image": ".بۆ هەڵبژاردنی وێنەی بەرگەکە کلیک لەسەر ئایکۆنی ئەستێرەکە بکە.",
  "you_have_reached_the_limit": "تۆ گەیشتووی بەو سنوورە",
  "agreement_upload_property": "من رەزامەندم لەسەر ئەوەی ئەم ماڵپەرە هەبێت بۆ هەڵگرتنی زانیارییە پێشکەشکراوەکانم، زانیاری زیاتر لە خوارەوە بخوێنەرەوە:",
  "please_accept_terms_text": "تکایە مەرج و رێساکان قبوڵ بکە",
  "add_property": "زیادكردنی مولك",
  "your_property_is_being_uploaded": "!موڵکەکەت بلاو دەکرێت",
  "you_are_not_logged_in": "مولكه‌كه‌ بلاوده‌كرێت دوای چوونه‌ژووره‌وه‌\n!تو نه‌چویته‌ژووره‌وه‌ بو زیادكردنی ئه‌م مولكه‌",
  "login": "چوونه‌ژووره‌وه‌",
  "activities": "چالاکیەکان",
  "leads": "پێشه‌نگی",
  "last_24_hours": "كوتا 24 كاتژمێر",
  "last_7_days": "كوتا 7 روژ",
  "last_30_days": "كوتا 30 روژ",
  "deals": "گرێبەستەکان",
  "active": "چالاک",
  "won": "بردیەوە",
  "lost": "له‌ ده‌ستداوه‌‌",
  "new_lead": "پێشه‌نگی نوێ",
  "from": " ژ ",
  "name": "ناو",
  "email": "ئیمه‌یل",
  "phone": "ژماره‌ی موبایل",
  "type": "جور",
  "setting_and_privacy": "ڕێکخستنەکان و تایبه‌تمه‌ندیه‌كان",
  "demo_configuration": "ڕێکخستنی دیمۆ",
  "enter_your_own_wordpress": ".(پێویستە پێوەکراوەکەی Houzi Mobile API) ی ماڵپەڕی وردپرێسی خۆت دابنێ بۆ تاقیکردنەوە بەم ئەپەURL",
  "enter_your_wordpress_url": "ی وردپرێس دابنێURL",
  "cancel": "رەتکردنەوە",
  "save": "خه‌زنكردن",
  "this_app_requires_plugin": "This app requires a plugin that you need to install on your Houzez wordpress. Required plug-in missing, please install from following link.",
  "ok": "باشه‌",
  "item_theme_design": "Item Theme Design",
  "customise_your_item_theme_design": "Customise your item theme design.",
  "explore_by_type_theme_design": "Explore by Type Theme Design",
  "preference": "خواست",
  "customise_your_experience_on_app": "ده ستنیشانكردنی گورینه كان له ناو  {app_name}.",
  "@customise_your_experience_on_app": {
    "description": "App name here",
    "placeholders": {
      "app_name": {
        "type": "String"
      }
    }
  },
  "dark_mode": "شاشه‌ی تاریك",
  "community_standards_and_legal_policies": "ستانداردەکانی کۆمەڵگا و سیاسەتە یاساییەکان",
  "terms_and_conditions": "بار و دۆخ و مەرجەکان",
  "privacy_policy": "سیاسەتی پاراستنی تایبه‌تمه‌ندیه‌كان",
  "about": "دەربارەی",
  "item_design_is_successfully_updated": "Item design is successfully updated",
  "explore_by_type_is_successfully_updated": "دیزاین بە سەرکەوتوویی نوێ دەکرێتەوە\n بەپێی جۆر تەوەر بکۆڵەرەوە",
  "edit": "ده‌ستكاری",
  "delete": "سرینەوە",
  "action": "کردار",
  "inquiries": "پرسیارەکان",
  "inquiry_detail": "وردەکاری پرسیار",
  "id": "ID",
  "contact": "پەیوەندی",
  "listing_type": "جۆری لیستکردن",
  "price": "نرخ",
  "built_up": "بنیات نراوە",
  "property_type": "جۆری موڵک",
  "message": "نامە",
  "matching_list": "لیستی هاوتاکردن",
  "view": "سه‌یری بكه‌",
  "inquiry_delete_successfully": "سرینه‌وه‌ی پرسیار سه‌ركه‌وتوبووه‌",
  "error_occurred": "هه‌ڵه‌یه‌ك ڕوویداوه‌",
  "inquiry_form": "فۆڕمی پرسیارکردن",
  "enter_the_deal_title": "ناونیشانی گرێبەستەکە بنووسە",
  "this_field_cannot_be_empty": "!ئه‌م شوێنه‌ ناتوانێت به‌تال بێت",
  "information": "زانیاری",
  "select": "ده‌ستنیشانكردن",
  "address": "ناونیشان",
  "country": "ولات",
  "enter_the_country": "ولات بنووسه‌",
  "states": "ویلایه‌ته‌كان",
  "enter_the_states": "ویلایه‌ت بنووسه‌",
  "city": "شار",
  "enter_the_city": "شاره‌كه‌ بنووسه‌",
  "area": "ناوچه‌",
  "enter_the_area": "ناوچه‌كه‌ بنووسه‌",
  "zip_code": "zip كودی",
  "enter_the_zip_code": "بنووسه‌ zip كودی",
  "private_note": "تێبینی نهێنی",
  "added_successfully": "به‌سه‌ركه‌وتوویی زیادكراوه‌",
  "submit": "پێشکەشکردن",
  "max_price": "به‌رزترین نرخ",
  "enter_the_max_price": "به‌رزترین نرخ بنووسه‌ ",
  "minimum_size": "كه‌مترین رووبه‌ر",
  "enter_the_min_size": "(Sq. Ft.)كه‌مترین رووبه‌ر بنووسه‌ ",
  "contact_name": "ناوی پەیوەندی",
  "agent": "بریكار",
  "no_result_found": "هیچ ئەنجامێک نەدۆزرایەوە",
  "oops_activities_not_exist": "گەیشتن بوونی نییە\nببوورە! وا دیارە ئەو چالاکییانەی کە هەوڵی دەدەیت بۆ",
  "oops_inquiries_not_exist": "گەیشتن بوونی نییە\nببوورە! وا دیارە ئەو پرسیارانه‌ی کە هەوڵی دەدەیت بۆ",
  "oops_deals_not_exist": "گەیشتن بوونی نییە\nببوورە! وا دیارە ئەو گرێبه‌ستانه‌ی کە هەوڵی دەدەیت بۆ",
  "oops_leads_not_exist": "گەیشتن بوونی نییە\nببوورە! وا دیارە ئەو پێشه‌نگیانه‌ی کە هەوڵی دەدەیت بۆ",
  "go_back": "برۆ بۆ دواوە",
  "add_new_deal": "زیادکردنی گرێبەستی نوێ",
  "title": "ناونیشان",
  "deal_value": "بەهای گرێبەست",
  "enter_the_deal_value": "بەهای گرێبەستەکە بنووسه‌",
  "group": "گروپ",
  "deal_has_been_added": "گرێبەست زیاد کراوە",
  "lead_form": "فورمی پێشه‌نگی",
  "first_name": "ناوی یه‌كه‌م",
  "last_name": "ناوی كوتایی",
  "enter_first_name": "ناوی یه‌كه‌م بنووسه‌",
  "enter_last_name": "ناوی کۆتایی بنووسە",
  "enter_email_address": "ئیمەیڵ بنووسه‌",
  "enter_mobile_address": "ژمارەی مۆبایل بنووسه‌",
  "enter_home_number": "ژماره‌ی خانوو بنووسه‌",
  "enter_work_number": "ژماره‌ی كار بنووسه‌",
  "enter_the_address": "ناونیشان بنووسه‌",
  "mobile": "ژماره‌ی موبایل",
  "home_number": "ژماره‌ی خانوو",
  "work_number": "ژماره‌ی كار",
  "source": "سەرچاوە",
  "social": "سوشیال",
  "facebook": "فه‌یسبووك",
  "twitter": "تویته‌ر",
  "linkedIn": "linkedIn",
  "instagram": "ئنیستاگرام",
  "youtube": "یوتیوب",
  "pinterest": "Pinterest",
  "vimeo": "Vimeo",
  "skype": "Skype",
  "website": "وێبسایت",
  "enter_facebook_profile_url": "فه‌یسبووك بنووسه‌ url",
  "enter_twitter_profile_url": "تویته‌ر بنووسه‌ url",
  "enter_linkedIn_profile_url": "بنووسه‌ LinkedIn url",
  "enter_instagram_profile_url": "ئینیستاگرام بنووسه‌ url",
  "inquiry_type": "جوری پرسیاركردن",
  "deal_detail": "وردەکاری گرێبەستەکە",
  "deal_deleted": "گرێبەستەکە سڕاوەتەوە",
  "last_contact_date": "دوایین بەرواری پەیوەندی",
  "action_due_date": "بەرواری کۆتایی هاتنی کردار",
  "next_action": "کردارێکی تر",
  "status": "حاله‌ته‌كان",
  "all_properties": "گشت مولكه‌كان",
  "admin": "بەڕێوەبەر",
  "properties": "مولكه‌كان",
  "properties_by_user": "مولكه‌كان بەپێی بەکارهێنەر",
  "delete_property": "مولك بسڕەوە",
  "put_on_hold": "بیخە سەر ڕاگرتن",
  "publish_property": "موڵک بڵاو بکەرەوە",
  "no_properties_error_message_search_by_id": "به‌كاربهێنه‌\n بوونی نییە. هەوڵبدە ناسنامەی مولكی جیاواز\n ببوورە! وا دیارە ئەو موڵکەی کە هەوڵی گەڕان دەدەیت",
  "no_properties_error_message_filter_page_search": "به‌كاربهێنه‌\n بوونی نییە. هەوڵبدە رێكخستنی فیلته‌رێكی جیاواز‌\n ببوورە! وا دیارە ئەو موڵکەی کە هەوڵی گەڕان دەدەیت",
  "no_properties_error_message": "هیچ موڵکێکت زیاد نەکردووە",
  "select_location": "شوێن هەڵبژێرە",
  "filters": "فیلته‌ره‌كان",
  "price_range": "مه‌ودای نرخ",
  "change_currency": "گۆڕینی دراو",
  "area_range": "مه‌ودای رووبه‌ر",
  "change_area_unit": "یەکەی ڕووبەر بگۆڕە",
  "i_want_to": "من دەمەوێت سەیری بکەم",
  "reset": "نوێكردنه‌وه‌",
  "enquire_information": "پرسیاركردن",
  "hello_i_am_interested_in": "{title} {url} {perma_link} سڵاو، من ئارەزووی",
  "@hello_i_am_interested_in": {
    "description": "Interested in property msg",
    "placeholders": {
      "title": {
        "type": "String"
      },
      "url": {
        "type": "String"
      },
      "perma_link": {
        "type": "String"
      }
    }
  },
  "email_capital": "ئیمه‌یل",
  "call_capital": "په‌یوه‌ندی",
  "share_the_news": "هەواڵەکان بڵاو بکەنەوە: ",
  "details": "ووردەکاریەکان",
  "additional_details": "وردەکاری زیاتر",
  "less_details": "وورده‌كاری كه‌متر",
  "more_details": "وورده‌كاری زیاتر",
  "features": "تایبه‌تمه‌ده‌كان",
  "read_less": "کەمتر بخوێنەوە",
  "read_more": "زیاتر بخوێنەوە",
  "floor_plans": "پلانی نهۆمەکان",
  "contact_information": "زانیاریی په‌یوه‌ندییكردن",
  "enquire_info": "پرسیاركردن",
  "setup_tour": "گەشتێک ڕێکبخە",
  "watch_video": "سه‌یری ڤیدیو بكه‌",
  "virtual_tour_capital": "گەشتی مەجازی 360",
  "related_properties": "مولكی هاوشێوه‌",
  "message_sent_successfully": "نامەکە بە سەرکەوتووی نێردرا",
  "tour_scheduled_successfully": "گەشتەکە بە سەرکەوتوویی بەرنامە بۆ داڕێژراوە",
  "message_failed_to_send": "نامەكه‌ نه‌ ناردووه‌",
  "tour_failed_to_scheduled": "ناتوانی گه‌شته‌كه‌ ئه‌نجام بده‌یت",
  "please_wait_data_is_loading": "تکایە چاوەڕێ بکە...زانیاریەکان باردەکرێن",
  "realtor_info": "زانیاری بریکاری خانووبەرە",
  "agent_rating": "هەڵسەنگاندنی بریکار",
  "license": "مۆڵەت: ",
  "tax_number": "ژمارەی باج: ",
  "service_areas": "ناوچەكانی خزمه‌تكردن: ",
  "specialties": "تایبەتمەندیەکان: ",
  "listings": "مولكه‌كان",
  "agency": "نوسینگه‌",
  "agents": "بریكاره‌كان",
  "office": "نوسینگه‌: ",
  "mobile_with_colon": "موبایل: ",
  "fax_with_colon": "فاكس: ",
  "email_with_colon": "ئیمه‌یل: ",
  "realtor_message": "سلاو {user_name}, پڕۆفایلی تۆم بینی لە {app_name} و ویستم بزانم ئایا دەتوانم هەندێک یارمەتی وەربگرم. {perma_link}",
  "@realtor_message": {
    "description": "application name",
    "placeholders": {
      "user_name": {
        "type": "String"
      },
      "app_name": {
        "type": "String"
      },
      "perma_link": {
        "type": "String"
      }
    }
  },
  "hi": "سلاو",
  "send_email": "ناردنی ئیمه‌یل",
  "call": "په‌یوه‌ندی",
  "more": "زیاتر",
  "sort_by": "ریزکردن بەپێی",
  "searching": "...گەران بەدوای",
  "results": "ئەنجامەکان",
  "help": "یارمەتیدان",
  "your_name": "ناوت",
  "enter_your_name": "ناوی خوت بنووسه‌",
  "enter_your_phone_number": "ژمارەی مۆبایلت بنووسه‌",
  "enter_your_msg": "نامه‌كه‌ت بنووسه‌",
  "by_submitting_this_form_i_agree": "بە پێشکەشکردنی ئەم فۆڕمە منیش ڕازیم",
  "to_the": " بۆ",
  "terms_of_use": "مەرجەکانی بەکارهێنان",
  "term_and_agreement_message": "بە پێشکەشکردنی ئەم فۆڕمە من ڕازیم بە {terms_of_use}.",
  "@term_and_agreement_message": {
    "description": "terms of use to be used for link",
    "placeholders": {
      "terms_of_use": {
        "type": "String"
      }
    }
  },
  "please_accept_terms_of_use": "تکایە مەرجەکانی بەکارهێنان قبوڵ بکە",
  "forgot_password": "وشەی نهێنی لەبیر کردووە",
  "enter_the_email_address_or_user_name": "ئیمەیڵەکە یان ناوی بەکارهێنەرەکە بنووسە",
  "user_name_email": "ناوی بەکارهێنەر/ئیمەیڵ",
  "enter_your_user_name_or_email_address": "ناوی بەکارهێنەر یان ئیمەیڵەکەت بنووسە",
  "confirmation_message_sent_to_your_email": "پەیامی پشتڕاستکردنەوە بۆ ئیمەیڵەکەت دەنێردرێت",
  "invalid_username": "ناوی بەکارهێنەر هه‌له‌یه‌",
  "user_profile": "پڕۆفایلی بەکارهێنەر",
  "user_Login_successfully": "چوونەژوورەوەی بەکارهێنەر بە سەرکەوتووبووه‌",
  "user_login_failed": "!چوونەژوورەوەی بەکارهێنەر شکستی هێنا",
  "forgot_password_with_question_mark": "وشەی نهێنی لەبیرکردووە؟",
  "sign_up_capital": "خۆت تۆمار بکە",
  "do_not_have_an_account": "ئەکاونتت نییە؟",
  "enter_your_password": "ژمارەی نهێنییەکەت داخل بکە",
  "password": "ژماره‌ی نهێنی",
  "login_capital": "چونه‌ ژووره‌وه‌",
  "already_have_an_account": "پێشتر خۆت تۆمار کردووە؟",
  "sign_up": "خۆت تۆمار بکە",
  "user_already_registered": "بەکارهێنەر پێشتر تۆماری کردووە",
  "user_sign_up_successfully": "بەکارهێنەر بە سەرکەوتوویی تۆمار كرا",
  "i_accept_terms": "من مەرجەکان قبوڵ دەکەم",
  "select_your_account_type": "جۆری ئەکاونتەکەت هەڵبژێرە",
  "confirm_your_password": "ووشەی نهێنی دووپات بکە",
  "confirm_password": "ووشەی نھێنی دووپات بكه‌",
  "enter_your_email_address": "ئیمەیڵەکەت بنووسە",
  "enter_your_user_name": "ناوی بەکارهێنه‌ر بنووسە",
  "user_name": "ناوی به‌كارهێنه‌ر",
  "gdpr_agreement": "ڕێککەوتنی GDPR",
  "i_consent_to_having_this_website_to_store_my_submitted_information_read_more_information": "من رازیم له‌ سه‌ر ئه‌وه‌ی ئه‌م مالپه‌ره‌ هه‌بێت بو هه‌لگرتنی زانیاریه‌ پێشكه‌شكراوه‌كانم، زانیاری زیاتر بخوینه‌ره‌وه‌:",
  "property_information": "زانیاری مولك",
  "i_am_a": "من",
  "email_address": "ئیمه‌یل",
  "your_message": "نامه‌ی تو",
  "contact_us": "پەیوەندیمان پێوەبکە",
  "back": "گەڕانەوە",
  "upload_at_least_one_image": "تکایە بەلایەنی کەمەوە یەک وێنە بلاو بکە",
  "next": "دواتر",
  "please_accept_the_gdpr_agreement": "قبول بكه‌ GDPR تكایه‌ رێكه‌وتنی",
  "map": "نه‌خشه‌",
  "drag_and_drop_the_pin_on_map_to_find_exact_location": "بۆ دۆزینەوەی شوێنی ورد، پینەکە لەسەر نەخشەکە بکێشە و بیخەیتە خوارەوە",
  "add_property_map_additional_hint" : "Li ser Nexşeyê bikirtînin da ku cîhê rastîn hilbijêrin",
  "latitude": "پانی latitude",
  "longitude": "درێژایی longtitude",
  "enter_address_longitude": "بنووسه‌ longitude ناونیشانی درێژایی",
  "enter_address_latitude": "بنووسه‌ latitude ناونیشانی پانی",
  "address_star": "ناونیشان *",
  "enter_your_property_address": "ناونیشانی موڵکەکەت بنووسە",
  "what_information_do_you_want_to_display_in_agent_data_container": "دەتەوێت چ زانیارییەک لە ناو کۆنتێنەری داتاکانی بریکاردا پیشان بدەیت؟",
  "add_new": "زیادکردنی نوێ",
  "enter_year_built": "ساڵی دروستکراو بنووسە",
  "year_built": "ساڵی دروستکردن",
  "for_example_hz_01": "IL-01 بۆ نموونە",
  "enter_property_id": "مولك بنووسه‌ ID",
  "property_id": "مولك ID",
  "enter_garage_size": "رووبه‌ری گه‌راج بنووسه‌",
  "garage_size": "رووبه‌ری گه‌راج",
  "number_of_garages": "ژماره‌ی گه‌راج",
  "garages": "گه‌راج",
  "enter_land_area": "رووبه‌ری زه‌وی بنووسه‌",
  "land_area": "روویه‌ری زه‌وی",
  "minimum_size_800_600_px": "(800_600 px كه‌مترین قه‌باره‌)",
  "select_image": "وێنە هەڵبژێرە",
  "plan_image": "وێنەی پلان",
  "enter_the_plan_description": "وەسفی پلانەکە بنووسە",
  "enter_the_plan_size": "روویه‌ری پلانه‌كه‌ بنووسه‌",
  "plan_size": "رووبه‌ری پلان",
  "enter_price_postfix": "ووشه‌ی دوای نرخ بنووسه‌",
  "price_postfix": "ووشه‌ی دوای نرخ",
  "enter_the_plan_title": "ناوی پلان بنووسه‌",
  "plan_title": "ناوی پلان",
  "enter_the_second_price": "نرخی دووه‌م بنووسه‌",
  "second_price_optional": "نرخی دووه‌م (اختیارییه‌)",
  "for_example_monthly": "بۆ نموونە: مانگانە",
  "enter_the_after_price": "دوای نرخه‌كه‌ بنووسه‌",
  "after_the_price": "دوای نرخه‌كه‌",
  "for_example_start_from": "بو نموونه‌ : ده‌ستپێكردن له‌",
  "enter_the_price_prefix": "پێشگرەکەی نرخەکە بنووسه‌",
  "price_prefix": "پێشگرى نرخ",
  "label": "لەیبڵ",
  "for_example": ":بۆ نموونە",
  "youtube_vimeo_swf_file_and_mov_file_are_supported": "ده‌كرێت Youtube و Vimeo و SWF File و MOV File پشتگیری له‌",
  "video_url": "Video URL",
  "video": "ڤیدیو",
  "media": "میدیا",
  "fifty_files": "/50 فایله‌كان",
  "write_private_note_for_this_property_it_will_not_display_for_public": ".تێبینی تایبەت بۆ ئەم موڵکە بنووسە، بۆ گشتی پیشان نادرێت",
  "enter_the_note_here": "لێرەدا تێبینییەکە بنووسە",
  "property_settings": "رێکخستنەکانی مولك",
  "do_you_want_to_mark_this_property_as_featured": "ئایا دەتەوێت ئەم موڵکە وەک تایبەتمەند نیشانە بکەیت؟",
  "the_user_must_be_logged_in_to_view_this_property": "بۆ بینینی ئەم مولكه‌ پێویستە بەکارهێنەر بچێتە ژوورەوە؟",
  "disclaimer": "ڕەتکردنەوەی بەرپرسیاریەتی",
  "sub_listings": "لیست",
  "enter_the_date": "بەروارەکە بنووسە",
  "availability_date": "بەرواری بەردەست بوون",
  "enter_property_type": "جوری مولك بنووسه‌",
  "property_size": "رووبه‌ری مولك",
  "virtual_tour": "360° گه‌شتی مه‌جازی",
  "enter_virtual_tour_iframe_embedded_code": "بنووسه‌ iframe/embedded كودی گه‌شتی مه‌جازی",
  "dark_mode_settings": "ڕێکخستنەکانی شاشه‌ی تاریک",
  "use_system_settings": "ڕێکخستنەکانی سیستەم بەکاربهێنە",
  "we_ll_adjust_your_appearance_based_on_your_device_system_settings": ".ئێمە بە پشتبەستن بە ڕێکخستنەکانی سیستەمی ئامێرەکەت دەرکەوتنت ڕێکدەخەین",
  "off": "Off",
  "on": "On",
  "no_image_found": "هیچ وێنەیەک نەدۆزرایەوە",
  "no_plan_available": ".ببوورە! هیچ وێنەیەکی پلانی نهۆم نەدۆزراوەتەوە",
  "schedule_a_tour": "بەرنامەی گەشتی",
  "tour_type": "جۆری گەشتی",
  "date": "به‌روار",
  "select_tour_date": "بەرواری گەشتی هەڵبژێرە",
  "select_tour_time": "بەرواری گەشتی هەڵبژێرە",
  "your_information": "زانیارییەکانی تۆ",
  "tour_information": "زانیاری گەشتی",
  "time": "Time",
  "wordpress_url_optional": "لینكی وێبسایت (اختیارییه‌)",
  "enter_wordpress_url": "لینكی وێبسایت بنووسه‌",
  "web_example": "e.g. http://ilandrealtor.com/",
  "home": "خانوو",
  "dashboard": "CRM Dashboard",
  "settings": "رێكخستنه‌كان",
  "request_demo": "Request Demo",
  "log_out": "چوونە دەرەوە",
  "please_enter_a_complete_url": "تكایه‌ لینكی ته‌واو بنووسه‌",
  "are_you_sure_you_want_to_log_out": "ئایا دڵنیای کە دەتەوێت دەربچیت؟",
  "yes": "به‌ڵێ",
  "i_accept": "من رازيم",
  "add_new_lead": "زیادکردنی پێشه‌نگی نوێ",
  "add_new_inquiry": "زیادکردنی پرسیارێکی نوێ",
  "add_to_fav": "زیادکراوە بۆ دڵخوازه‌كان",
  "remove_from_fav": "لە دڵخوازەکان لابرا",
  "data_loading": "تکایە چاوەڕوان بە... داتاکان باردەکرێن",
  "property_uploaded": "مولكه‌كه‌ بلاوكرا",
  "view_property": "سه‌یری مولك بكه‌",
  "search_by_property_id": "ID گه‌ران به‌ پێی",
  "go": "بڕۆ",
  "recent_searches": "گەڕانەکانی ئەم دواییە",
  "lead_deleted": "پێشه‌نگی سڕاوەتەوە",
  "favorites": "دڵخوازه‌كان",
  "delete_confirmation": "دڵنیایی له‌وه‌ی که‌ ده‌ته‌وێت بیسڕیته‌وه‌?",
  "featured_tag": "تایبه‌تمه‌ند",
  "title_property_types": "جوره‌كانی مولك",
  "done": "تەواو",
  "zero": "0",
  "to": "بۆ",
  "any": "هەر",
  "quick_edit": "دەستکاری خێرا",
  "search_saved_successfully": "گەڕان بە سەرکەوتوویی خه‌زنكرا",
  "you_must_login": "پێویستە بچیتە ژوورەوە",
  "before_saving_search": "پێش ئەوەی گەڕان خه‌زنی بكه‌یت",
  "before_adding_to_favorites": " پێش ئەوەی زیاد بکەیت بۆ دڵخوازەکان",
  "saved_searches": "گه‌رانه‌كان خه‌زنكرا",
  "removed_from_saved_searches": "لە گەڕانە خه‌زنكراوه‌كان لابرا",
  "show_less": "کەمتر پیشان بدە",
  "show_more": "زیاتر پیشان بدە",
  "delete_lead": "پێشه‌نگه‌كه‌ بسڕەوە",
  "delete_inquiry": "پرسیارەکە بسڕەوە",
  "delete_deal": "گرێبەستەکە بسڕەوە",
  "uploading_image": "بلاوكردنی وێنە",
  "press_again_to_exit": "دووبارە كلیك بكه‌ بۆ دەرچوون",
  "locations_text": "شوێنەکان",
  "leave_a_review": "رای خوت بەجێبهێڵە",
  "enter_a_title": "ناوه‌كه‌ بنووسه‌",
  "write_a_review": "رای خوت بنووسە",
  "review": "رایه‌كان",
  "at_least_give_one_star": "لانی کەم یەک ئەستێرە بدە",
  "before_leaving_a_review": "پێش ئەوەی رای خوت بەجێبهێڵیت",
  "reviews": "رایه‌كان",
  "see_more": "زیاتر ببینە",
  "tell_others_what_you_think": "بوچونی خوت بنووسه",
  "give_a_review": "هه لسه نگاندنی خوت نیشان بكه",
  "retry": "دووبارە هەوڵ بدە",
  "no_internet_connection": "هیچ پەیوەندییەکی ئینتەرنێت نییە",
  "no_internet_connection_retry_again_message": ".کێشەیەک هەبوو لە پەیوەندیکردن بە ئینتەرنێتەوە. تکایە 'هەوڵبدەرەوە' بۆ ئەوەی دووبارە پەیوەندی بکەیتەوە",
  "saved": "خه‌زنكرا",
  "no_internet_connection_error_message_01": "هیچ پەیوەندییەکی ئینتەرنێت نییە",
  "no_internet_connection_body_error_message": ".کێشەیەک هەبوو لە پەیوەندیکردن بە ئینتەرنێتەوە. تکایە 'هەوڵبدەرەوە' بۆ ئەوەی دووبارە پەیوەندی بکەیتەوە",
  "profile": "پروفایل",
  "no_internet_connection_error_message_02": "پەیوەندییەکەت پشكنین بكه‌ و دووبارە هەوڵبدەرەوە",
  "refine_search_text": "گەڕان وردتر بکە",
  "received_a_new_rating_from": "هه‌لسه‌نگاندنێكی نوێ هاتووه‌",
  "enter_the_email": "ئیمه‌یل بنووسه‌",
  "title_position": "ناو/شوێن",
  "whatsApp": "واتسئاپ",
  "fax_number": "ژماره‌ی ڤاكس",
  "company_name": "ناوی كومپانی",
  "about_me": "ده‌رباره‌ی من",
  "upload_photo": "وێنه‌ بلاوبكه‌",
  "language_label": "زمان",
  "profile_updated_successfully": "پروفایل به‌سه‌ركه‌وتوویی بلاوكراوه‌",
  "display_name": "ناوی پیشاندراو",
  "choose_location": "شوێن هەڵبژێرە",
  "nigeria": "نیجیریا",
  "zimbabwe": "زیمبابوی",
  "select_city": "شار هەڵبژێرە",
  "edit_profile": "دەستکاریکردنی پرۆفایل",
  "update_profile": "نوێكردنه‌وه‌ی پروفایل",
  "view_result": "بینینی ئەنجام",
  "oops_saved_search_not_exist": "بو گه‌یشتنیان بوونی نیه‌\nببوره‌! وا دیاره‌ ئه‌و گه‌رانه‌ی‌ خه‌زنكراوه‌ته‌وه كه‌ هه‌ولی ده‌ده‌یت‌",
  "minimum_image_size_text": "وێنە دەبێت بچوكترین بێت",
  "minimum_image_width_text": "پانایی وێنە دەبێت کەمترین بێت",
  "minimum_image_height_text": "بەرزی وێنە دەبێت کەمترین بێت",
  "portraits_are_not_allowed_text": "ڕێگە بە پۆرترێت نادرێت",
  "version_text": "Version",
  "no_saved_searches_found": "هیچ گەڕانێکت خه‌زنی نه‌كردووە، دەتوانیت گەڕانەکانت خه‌زنی بكه‌یت بۆ دەستگەیشتنێکی خێرا لە داهاتوودا.",
  "no_fav_found": "هیچ موڵکێکت وەک دڵخواز نیشان نەداوە. دەتوانیت مولكه‌كان نیشانە بکەیت بۆ ئەوەی چاوت لەسەر مولكه‌ دڵخوازەکانت بێت.",
  "demo_version_expired": "Demo version expired",
  "contact_developer_for_latest_version": "This demo version is no longer supported, please contact your developer for newer version.",
  "language_settings": "ریکخستنەکانی زمان",
  "select_language": "زمانێک دیار بکه",
  "about_app_description_text01": "وە",
  "about_app_description_text02": "لۆگۆکان هێمایه‌ بازرگانییەکانی",
  "about_app_description_text03": ".هەموو مافەکانی پارێزراوە",
  "no_agents_found": ".هیچ بریکارێک نەدۆزرایەوە",
  "no_agencies_found": ".هیچ نوسینگه‌یه‌ك نەدۆزراوەتەوە",
  "agencies": "نوسینگه‌كان",
  "find_agent": "بریکار بدۆزەرەوە",
  "find_agency": "نوسینگه‌ بدۆزەرەوە",
  "search_agent": "به‌ دوای بریكار بگه‌رێ",
  "all_categories": "هەموو پۆلەکان",
  "all_cities": "هەموو شارەکان",
  "enter_keyword": "وشەی سەرەکی بنووسه‌",
  "search_agency": "به‌ دوای نوسینگه‌ بگه‌رێ",
  "plug_in_text": "Plug-in",
  "whatsapp": "واتسئاپ",
  "i_saw_your_profile_on": "پڕۆفایلی تۆم بینی لە",
  "and_wanted_to_see_if_i_can_get_some_help": "و ویستم بزانم ئایا دەتوانم هەندێک یارمەتی وەربگرم",
  "my_properties": "موڵکەکانی من",
  "edit_property": "دەستکاری مولك",
  "view_all": "بینینی گشت",
  "log_in_to_your_account": "چوونه‌ژووره‌وه‌ بو ناو هەژمارەكەت",
  "enter_valid_email": "تکایە ئیمێلی دروست بنوسە",
  "password_length_at_least_eight": "درێژی وشەی نهێنی دەبێت كه‌متر نه‌بێت له‌ 8 پیت",
  "enter_phone": "تکایە ژمارەی تەلەفۆنەکەت بنووسە",
  "enter_valid_phone": "تکایە ژمارەی تەلەفۆنی دروست بنووسە",
  "user_name_at_least_three": "ناوی بەکارهێنەر دەبێت كه‌متر نه‌بێت له‌ 3 پیت",
  "remove_whitespace": "تکایە پیتەکانی بۆشایی سپی لابەرە",
  "first_price": "نرخی یه‌كه‌م",
  "second_price": "نرخی دووه‌م",
  "property_status": "حاله‌تی مولك",
  "property_unique_id": "تایبه‌تی مولك ID",
  "pool_size": "رووبه‌ری مه‌له‌وانگه‌",
  "last_remodel_year": "كوتا سالی نوژه‌نكردن",
  "amenities": "خزمه‌تگوزاریه‌كان",
  "additional_rooms": "ژووری زیادە",
  "equipment": "ئامیره‌كان",
  "air_conditioning": "ساردكه‌ره‌وه‌",
  "broadband": "فراوانی",
  "intercom": "په‌یوه‌ندی له‌ ناو مال",
  "pay_tv": "په‌ی تی ڤی",
  "pool": "مه‌له‌وانگه‌",
  "security_system": "كامێرای چاودێری",
  "swimming_pool": "مه‌له‌وانگه‌",
  "tv_cable": "كێبلی تی ڤی",
  "wifi": "WiFi",
  "gym": "هولی وه‌رزشی",
  "first_floor": "نهومی یه‌كه‌م",
  "second_floor": "نهومی دووه‌م",
  "out_of_five": " لە کۆی 5)",
  "barbeque": "باربیكیو",
  "dryer": "وشککەرەوە",
  "laundry": "جلشۆر",
  "lawn": "گژوگیا",
  "outdoor_shower": "دوش لە دەرەوە",
  "refrigerator": "سەلاجە",
  "sauna": "ساونا",
  "washer": "غه‌ساله‌",
  "window_coverings": "ڕووپۆشی پەنجەرە",
  "author_info": "زانیاری نووسەر",
  "agent_info_choose_list": "زانیاری بریکار (لە لیستەکەی خوارەوە بریکار هەڵبژێرە)",
  "agency_info_choose_list": "زانیاری نوسینگه‌ (لە لیستەکەی خوارەوە نوسینكه‌ هەڵبژێرە)",
  "do_not_display": "پیشان مەدە",
  "from_camera": "From Camera",
  "from_gallery": "From Gallery",
  "reviews_rating_out_of": "({rating} لە کۆی 5)",
  "@reviews_rating_out_of": {
    "description": "Rating",
    "placeholders": {
      "rating": {
        "type": "String"
      }
    }
  },
  "property_share_msg": "{title} {url}:به‌رێز، لێرە ئەم موڵکە ببینە:",
  "@property_share_msg": {
    "description": "Msg share",
    "placeholders": {
      "title": {
        "type": "String"
      },
      "url": {
        "type": "String"
      }
    }
  },
  "select_agent": "تکایە لە لیستەکەدا بریکار هەڵبژێرە",
  "select_agency": "تکایە لە لیستەکەدا نوسینگه‌ هەڵبژێرە",
  "search_in_this_area": "گه‌ران له‌م ناچه‌دا",
  "log_in_google": "(Google)چوونه‌ژووره‌وه‌ به‌ پێی گوگل",
  "log_in_facebook": "(Facebook)چوونه‌ژووره‌وه‌ به‌ پێی فه‌یسبووك",
  "log_in_apple": "(Apple)چوونه‌ژووره‌وه‌ به‌ پێی ئه‌پل",
  "log_in_phone": "چونەژوورەوە بە ژمارەی تەلەفون",
  "draft_properties_exit_menu_title_text": "ئەم موڵکە وەک ڕەشنووس پاشەکەوت بکەیت؟",
  "draft_properties_exit_menu_subtitle_text": "ئەگەر ئێستا فڕێی بدەیت، ئەم موڵکە لەدەست دەدەیت.",
  "draft_properties_exit_menu_option_save": "رەشنووس بپارێزە",
  "draft_properties_exit_menu_option_discard": "موڵک فڕێ بدە",
  "draft_properties_exit_menu_option_keep_editing": "بەردەوام بە لە دەستکاریکردن",
  "draft_properties_toast_error_text": "تکایە ناوی موڵکەکە بنووسە",

  "whatsapp_hello_i_am_interested_in": "{title} {url} سڵاو، من ئارەزووی",

  "draft_properties" : "رەشنووسی موڵک",
  "draft_properties_no_result_found_header_message": "هیچ رەشنووسێک نەدۆزرایەوە",
  "draft_properties_no_result_found_body_message": "هیچ رەشنووسێکتان زیاد نەکردووە",
  "draft_properties_your_draft_is_saved": "رەشنووسەکەت خه‌زنكرا",
  "@whatsapp_hello_i_am_interested_in": {
    "description": "Interested in property msg",
    "placeholders": {
      "title": {
        "type": "String"
      },
      "url": {
        "type": "String"
      }
    }
  },
  "radius_km": "نیوەتیرە {km} km",
  "@radius_km": {
    "description": "Radius",
    "placeholders": {
      "km": {
        "type": "String"
      }
    }
  },
  "password_does_not_match": "وشەی نهێنی یەکناگرێتەوە",
  "multi_units": "فرە یەکە",
  "change_password": "گۆڕینی ژمارەی نهێنی",
  "delete_account": "ئه‌كاونته‌كه‌ بسڕەوە",
  "update_password": "نوێکردنەوەی وشەی نهێنی",
  "delete_my_account": "ئەکاونتی من بسڕەوە",
  "delete_account_confirmation": "ئایا دڵنیای کە دەتەوێت ئەکاونتەکەت بسڕیتەوە؟",
  "manage_profile": "بەڕێوەبردنی پڕۆفایلی",
  "value": "بەها",
  "additional_feature_title_hint": "بۆ نموونە: ئامێرەکان",
  "additional_feature_value_hint": "گریل - غاز",
  "enter_user_type": "جۆری بەکارهێنەر دابنێ (بكڕ، بریکار و هتد)",
  "please_enter_keyword": "تکایە وشەی سەرەکی بنووسە",
  "open_in_map": "لە نەخشەدا بکەرەوە",
  "message_already_sent": ".پێشتر نامەت بۆ ئەم موڵکە ناردووە",
  "add_request_property": "زیادكردنی داواكاری مولك",
  "request_property": "داواكردنی مولك",
  "selected": "هەڵبژێردرا",
  "multi_select_drop_down_item_selected": "{count} هاته ده ستنیشانكرن",
  "@multi_select_drop_down_item_selected": {
    "description": "MultiSelect DropDown Selected Items",
    "placeholders": {
      "count": {
        "type": "String"
      }
    }
  },
  "region": "هەرێم",
  "no": "نه‌خێر",
  "Add Property": "زیادكردنی مولك",
  "Quick Add Property": "خێرا زیادكردنی مولك",
  "Properties": "مولكه‌كان",
  "Agents": "بریكاره‌كان",
  "Agencies": "نوسینگه‌كان",
  "Property Request": "داواكاری مولك",
  "Favorites": "دڵخوازه‌كان",
  "Saved Searches": "گه‌رانه‌ خه‌زنكراوه‌كان",
  "CRM Dashboard": "CRM Dashboard",
  "Activities": "چالاكیه‌كان",
  "Inquiries": "پرسیاره‌كان",
  "Deals": "گریبه‌سته‌كان",
  "Leads": "پێشه‌نگه‌كان",
  "Settings": "رێكخستنه‌كان",
  "Request Demo": "Request Demo",
  "Login": "چوونه‌ ژووره‌وه‌",
  "Log Out": "چوونه‌ ده‌ره‌وه‌",
  "search_property_id": "ID",
  "Top agency rate": "هه‌لسه‌نگاندنی باشترین نوسینگه‌",
  "Top agent rate": "هه‌لسه‌نگاندنی باشترین بریكار",
  "Recently added": "بەم دواییە زیاد کراوە",
  "Projects & Towers": "پڕۆژەكان & تاوەرەکان",
  "advertising": "ڕیکلامکردن",
  "real_estate_agency": "نوسینگه‌ی خانووبه‌ره‌",
  "List of properties": "لیستی مولكه‌كان",
  "Beds": "ژووره‌كانی نوستن",
  "Listing IDs": "مولك IDs",
  "Listing IDs Hint": "ناسێنەری مولكه‌كه‌ دابنێ کە بە فاریزه‌ جیاکراونەتەوە",
  "OR": "OR",
  "Listing IDs Additional Hint": "بۆ نموونە 4،5،6",
  "Select Properties": "مولكه‌کان هەڵبژێرە",
  "category": "جۆر",
  "add_new_agent": "زیادکردنی بریکاری نوێ",
  "My Agents": "بریکارەکانی من",
  "send_email_new_user": ".ئیمەیڵێک بۆ بەکارهێنەری نوێ بنێرە دەربارەی ئەکاونتەکەی",
  "edit_agent": "دەستکاری بریکار بکە",
  "text": "نووسین(ده‌ق)",
  "photo": "وێنه‌",
  "add_story": "زیادكردنی ستوری",
  "enter_text_here": "لێرەدا دەق بنووسە",
  "enter_the_title": "ناو بنووسه‌",
  "select_video": "ڤیدیۆ هەڵبژێرە",
  "see_all": "گشت پێشان بده‌",
  "edit_deal": "Edit deal",
  "showing_sorted_results": "Showing '{sort_item}' results",
  "Kurdistan Region": "کوردستان",
  "Iraq": "عێراق",
  "UAE": "ئیمارات",
  "Erbil": "هەولێر",
  "Duhok": "دهوک",
  "Sulaimanya": "سلێمانی",
  "Halabja": "هەلەبچە",
  "Baghdad": "بەغدا",
  "Basrah": "بەسرا",
  "Mosul": "مویسل",
  "Abu Dhabi": "ئەبوزەبی",
  "Dubai": "دوبەی",
  "Sharjah": "شاریقە",
  "Al Ain": "ئەلعەین",

  "Details" : "ووردەکاریەکان",
  "Features" : "تایبه تمه ندیه كان",
  "Description" : "وەسف",
  "Address" : "ناونیشان",
  "Contact Information" : "په یوه ندی",
  "Related Properties" : "مولكه كانی هاوشێوه",
  "Contact Us" : "پەیوەندیمان پێوەبکە",



  "United States" : "ویلایەتە یەکگرتووەکان",
  "Cook County" : "کوک کاونتی",
  "Etit" : "ئێتیت",
  "Grebase" : "گرێ باسێ",
  "Kevla" : "كێڤلا",
  "Masik" : "ماسیك",
  "Shaxke" : "شاخكێ",
  "Tavarashe" : "تاڤه‌ره‌شێ",
  "West Town" : "وێست تاون",
  "Zariland KRO" : "زه‌ریلاند KRO",

  "Sub Listings": "لیست",

  "Direction" : "ئاراسته",
  "Store" : "مه خزهن",
  "Street Width (m)" : "پانایی شەقام",
  "Condition" : "حاله تی مولك",
  "Front View" : "دیمەنی پێشەوە",
  "Services $/per month" : "خزمەتگوزاریەکان $ / مانگانه",
  "Apartment Building Name" : "ناوی بینای شوقە",
  "Number of Floors" : "ژمارەی نهۆمەکان",
  "Apartment Type" : "جۆری شوقە",
  "Dimension" : "پانی x درێژی",

  "East" : "ڕۆژهەڵات",
  "West" : "ڕۆژئاوا",
  "North" : "باکور",
  "South" : "باشور",
  "North-East" : "باکوری ڕۆژهەڵات",
  "North-West" : "باکوری ڕۆژئاوا",
  "South-East" : "باشوری ڕۆژهەڵات",
  "South-West" : "باشوری ڕۆژئاوا",
  "North-South" : "باكور باشور",
  "East-West" : "ڕۆژهەڵات ڕۆژئاوا",

  "Yes": "به‌ڵێ",
  "No": "نه‌خێر",

  "Used" : "به كارهاتوو",
  "Old" : "كون",
  "Re-construction" : "دووبارە دروستکردنەوە",
  "Ongoing" : "بەردەوامە",

  "Garden" : "باخچە",
  "Open" : "كراوه",
  "House" : "خانوو",

  "Penthouse" : "پێنت هاوس",
  "Deluxe" : "دوبلێكس",
  "Yes, No" : "به ڵێ, نه خێر",
  "New, Used, Old" : "نوێ, به كارهاتوو, كون",

  "Sulaymaniyah" : "سلێمانی",


  "Projects&Towers" : "پروژه كان&تاوه ره كان",
  "Projects" : "پروژه كان",
  "Towers" : "تاوه ره كان",
  "Building Name" : "ناوی بینایه",

  "Bedroom" : "ژووری نوستن",
  "Bathroom" : "گه رماو",
  "Area Size" : "رووبه ری مولك",
  "Garages" : "گه راج",

  "Kitchen" : "چێشتخانه",
  "Living Room" : "ژووری پێشوازی",
  "Hall" : "هول",

  "Number of floors" : "ژمارەی نهۆمەکان",

  "Furnished": "راخراو",
  "Choose Yes or No": "هه لبژێره به لێ یان نه خێر",
  "view_floor_plan": "بینینی پلان >",
  "view_sub_listing": "بینینی لیست >",
  "add_user": "زیادکردنی ئەکاونت",
  "send_otp": "OTP بنێرە",
  "otp_sent": "ناردووە بو ژمارەکەتOTP",
  "otp_verification": "OTPپشتراستکردنەوەی "
}