{
  "First Price": "Первая цена",
  "Second Price": "Вторая цена",
  "Property Status": "Имущественное состояние",
  "Property Unique ID": "Идентификатор объекта",
  "Pool Size": "Размер бассейна",
  "deposit": "Депозит",
  "Last remodel year": "Последний год реконструкции",
  "Amenities": "Удобства",
  "Additional Rooms:": "Дополнительные номера",
  "Equipment": "Оборудование",
  "Air Conditioning": "Кондиционер",
  "Microwave": "Микроволновая печь",
  "Broadband": "Широкополосный",
  "Intercom": "Внутренняя связь",
  "Pay Tv": "Платное телевидение",
  "Pool": "Бассейн",
  "Security System": "Система безопасности",
  "Swimming Pool": "Плавательный бассейн",
  "TV Cable": "Телевизионный кабель",
  "WiFi": "Вайфай",
  "Gym": "Тренажерный зал",
  "First Floor": "Первый этаж",
  "Second Floor": "Второй этаж",
  "Barbeque": "Барбекю",
  "Dryer": "Сушилка",
  "Laundry": "Прачечная",
  "Lawn": "Газон",
  "Outdoor Shower": "Наружный душ",
  "Refrigerator": "Холодильник",
  "Sauna": "Сауна",
  "Washer": "Стиральная машина",
  "Window Coverings": "Оконные покрытия",
  "Property ID": "Идентификатор объекта",
  "Price": "Цена",
  "Property Type": "Тип недвижимости",
  "Bedrooms": "Спальни",
  "Bathrooms": "Ванные комнаты",
  "Garage": "Гаражи",
  "Garage Size": "Размер гаража",
  "Year Built": "Год постройки",
  "Property Size": "Размер недвижимости",
  "Apartment": "Квартира",
  "Commercial": "Коммерческий",
  "Condo": "Кондоминиум",
  "Multi Family Home": "Многоквартирный Дом",
  "Office": "Офис",
  "Residential": "Жилой",
  "Shop": "Магазин",
  "Single Family Home": "Дом для одной Семьи",
  "Studio": "Студия",
  "Villa": "Вилла",
  "Hot Offer": "Горячее предложение",
  "Open House": "Открытый дом",
  "Sold": "Продано",
  "Buy": "Купить",
  "For Rent": "Сдается в аренду",
  "For Sale": "Продается",
  "Foreclosures": "Потеря права выкупа",
  "New Construction": "Новое строительство",
  "New Listing": "Новый список",
  "Reduced Price": "Сниженная цена",
  "Resale": "Перепродажа",
  "Grid": "Сетка",
  "List": "Список",
  "Map": "Карта",
  "Filter": "Фильтр",
  "Sort": "Сортировать",
  "Save": "Сохранить",
  "Newest": "Новейший",
  "Oldest": "Самый старый",
  "Price (low to high)": "Цена (от низкой до высокой)",
  "Price (high to low)": "Цена (от высокой до низкой)",
  "Featured Properties": "Рекомендуемые свойства",
  "Latest Properties": "Последние свойства",
  "in_": "в",
  "Explore Cities": "Исследуйте города",
  "Explore By Type": "Исследовать по типу",
  "Meet Our Agents": "Познакомьтесь с Нашими агентами",
  "Meet Our Agencies": "Познакомьтесь с Нашими агентствами",
  "Recent Searches": "Последние поиски",
  "I want to": "Я хочу",
  "Property Types": "Типы собственности",
  "Area range": "Диапазон площадей",
  "Price range": "Ценовой диапазон",
  "Latest properties in": "Последние объекты недвижимости в",
  "All": "Все",
  "In Person": "Лично",
  "Video Chat": "Видеочат",
  "I am a Buyer": "Я покупатель",
  "I am a Tenant": "Я арендатор",
  "I am a Agent": "Я агент",
  "Others": "Другие",
  "Keyword": "Ключевое слово",
  "language": "Английский",
  "search": "Поиск",
  "location": "Местоположение",
  "please_select": "Пожалуйста, выберите",
  "buy": "Купить",
  "rent": "Аренда",
  "featured_properties": "Рекомендуемые свойства",
  "latest_properties": "Последние свойства",
  "latest_properties_in_city": "Последние свойства в {city_name}",
  "in_": "В",
  "explore_cities": "Исследуйте города",
  "explore_by_type": "Исследуйте по типу",
  "meet_our_real_estate_agents": "Познакомьтесь с нашими агентами по недвижимости",
  "meet_our_real_estate_agencies": "Познакомьтесь с нашими агентствами недвижимости",
  "quick_add_property": "Быстрое добавление объекта",
  "property_title": "Название объекта",
  "property_title_cannot_be_empty": "Заголовок собственности не может быть пустым!",
  "enter_your_property_title": "Введите название вашего объекта",
  "content": "Содержимое",
  "property_description_cannot_be_empty": "Описание недвижимости не может быть пустым!",
  "description": "Описание",
  "sale_or_rent_price": "Цена продажи или аренды",
  "enter_the_price": "Введите цену",
  "price_field_cannot_be_empty": "Поле цены не может быть пустым!",
  "area_size": "Размер площади",
  "area_size_cannot_be_empty": "Поле размера площади не может быть пустым!",
  "enter_area_size": "Введите размер площади",
  "only_digits": "Только цифры",
  "size_postfix": "Размер Postfix",
  "area_size_postfix_cannot_be_empty": "Поле postfix размера площади не может быть пустым!",
  "enter_size_postfix": "Введите размер postfix",
  "for_example_Sq_Ft": "Например: Кв. Фут",
  "bedrooms": "Спальни",
  "bathrooms": "Ванные комнаты",
  "select_and_upload": "Выбрать и загрузить",
  "upload_media": "Загрузить медиа",
  "click_on_the_star_icon_to_select_the_cover_image": "Нажмите на значок иконки, чтобы выбрать изображение картинки.",
  "you_have_reached_the_limit": "Вы достигли предела",
  "agreement_upload_property": "Я даю согласие на использование этого веб-сайта для хранения предоставленной мной информации, подробнее читайте ниже:",
  "please_accept_terms_text": "Пожалуйста, примите текст условий",
  "add_property": "Добавить собственность",
  "your_property_is_being_uploaded": "Ваше собственность загружается!",
  "you_are_not_logged_in": "Вы не вошли в систему, чтобы добавить эту собсвенность!\n Ваша собственность будет загружена после входа в систему",
  "login": "Авторизоваться",
  "activities": "Деятельность",
  "leads": "Зацепки",
  "last_24_hours": "Последние 24 часа",
  "last_7_days": "Последние 7 дней",
  "last_30_days": "Последние 30 дней",
  "deals": "Сделки",
  "active": "Активный",
  "won": "Выиграл",
  "lost": "Проиграл",
  "new_lead": "Новый лидер",
  "from": "от",
  "name": "Имя",
  "email": "Электронная почта",
  "phone": "Телефон",
  "type": "Тип",
  "setting_and_privacy": "Настройки и конфиденциальность",
  "demo_configuration": "Демонстрационная конфигурация",
  "enter_your_own_wordpress": "Введите свой собственный URL-адрес веб-сайта Iland для тестирования с помощью этого приложения. (Требуется плагин Iland Mobile API)",
  "enter_your_wordpress_url": "Введите URL-адрес Iland",
  "cancel": "Отмена",
  "save": "Сохранить",
  "this_app_requires_plugin": "Для этого приложения требуется плагин, который вам необходимо установить на свой Iland. Необходимый плагин отсутствует, пожалуйста, установите его по следующей ссылке.",
  "ok": "Хорошо",
  "item_theme_design": "Дизайн темы элемента",
  "customise_your_item_theme_design": "Настройте дизайн темы вашего элемента",
  "explore_by_type_theme_design": "Исследовать дизайн темы по типу",
  "preference": "Предпочтение",
  "customise_your_experience_on_app": "Настройте свой опыт на {app_name}.",
  "@customise_your_experience_on_app": {
    "description": "Название приложения здесь",
    "placeholders": {
      "app_name": {
        "type": "String"
      }
    }
  },
  "dark_mode": "Темный режим",
  "community_standards_and_legal_policies": "Стандарты сообщества и правовая политика",
  "terms_and_conditions": "Правила и условия",
  "privacy_policy": "Политика конфиденциальности",
  "about": "O",
  "item_design_is_successfully_updated": "Дизайн элемента успешно обновлен",
  "explore_by_type_is_successfully_updated": "Исследование по типу темы \n дизайн успешно обновлен",
  "edit": "Редактировать",
  "delete": "Удалить",
  "action": "Действие",
  "inquiries": "Запросы",
  "inquiry_detail": "Детали запроса",
  "id": "Идентификатор",
  "contact": "Контакт",
  "listing_type": "Тип объявления",
  "price": "Цена",
  "built_up": "Застроенный",
  "property_type": "Тип недвижимости",
  "message": "Сообщение",
  "matching_list": "Соответствующий список",
  "view": "Просмотр",
  "inquiry_delete_successfully": "Запрос удален успешно",
  "error_occurred": "Произошла ошибка",
  "inquiry_form": "Форма запроса",
  "enter_the_deal_title": "Введите название сделки",
  "this_field_cannot_be_empty": "Это поле не может быть пустым!",
  "information": "Информация",
  "select": "Выберите",
  "address": "Адрес",
  "country": "Страна",
  "enter_the_country": "Введите страну",
  "states": "Штаты",
  "enter_the_states": "Введите штат",
  "city": "Город",
  "enter_the_city": "Введите город",
  "area": "Область",
  "enter_the_area": "Введите область",
  "zip_code": "Почтовый индекс",
  "enter_the_zip_code": "Введите почтовый индекс",
  "private_note": "Личная заметка",
  "added_successfully": "Добавлено успешно",
  "submit": "Отправить",
  "max_price": "Максимальная цена",
  "enter_the_max_price": "Введите максимальную цену",
  "minimum_size": "Минимальный размер",
  "enter_the_min_size": "Введите минимальный размер (Кв. Футов)",
  "contact_name": "Имя контакта",
  "agent": "Агент",
  "no_result_found": "Результат не найден",
  "oops_activities_not_exist": "Упс! Похоже, что действия, которые вы пытаетесь достичь, не существуют.",
  "oops_inquiries_not_exist": "Упс! Похоже, запросы, с которыми вы пытаетесь связаться, не существуют.",
  "oops_deals_not_exist": "Упс! Похоже, сделок, которые вы пытаетесь достичь, не существует.",
  "oops_leads_not_exist": "Упс! Похоже, что зацепок, которых вы пытаетесь достичь, не существует.",
  "go_back": "ВЕРНУТЬСЯ НАЗАД",
  "add_new_deal": "Добавить новую сделку",
  "title": "Заголовок",
  "deal_value": "Значение сделки",
  "enter_the_deal_value": "Введите значение сделки",
  "group": "Группа",
  "deal_has_been_added": "Сделка была добавлена",
  "lead_form": "Форма заявки",
  "first_name": "Имя",
  "last_name": "Фамилия",
  "enter_first_name": "Введите имя",
  "enter_last_name": "Введите фамилию",
  "enter_email_address": "Введите адрес электронной почты",
  "enter_mobile_address": "Введите номер мобильного телефона",
  "enter_home_number": "Введите домашний номер",
  "enter_work_number": "Введите рабочий номер",
  "enter_the_address": "Введите адрес",
  "mobile": "Мобильный",
  "home_number": "Домашний номер",
  "work_number": "Рабочий номер",
  "source": "Источник",
  "social": "Социальный",
  "facebook": "Фэйсбук",
  "twitter": "Твиттер",
  "linkedIn": "Линкедин",
  "instagram": "Инстаграм",
  "youtube": "Ютуб",
  "pinterest": "Пинтерест",
  "vimeo": "Вимео",
  "skype": "Скайп",
  "website": "Веб-сайт",
  "enter_facebook_profile_url": "Введите URL-адрес профиля Фэйсбук",
  "enter_twitter_profile_url": "Введите URL-адрес профиля Твиттер",
  "enter_linkedIn_profile_url": "Введите URL-адрес профиля Линкедин",
  "enter_instagram_profile_url": "Введите URL-адрес профиля Инстаграм",
  "inquiry_type": "Тип запроса",
  "deal_detail": "Детали сделки",
  "deal_deleted": "Сделка удалена",
  "last_contact_date": "Дата последнего контакта",
  "action_due_date": "Срок действия",
  "next_action": "Следующее действие",
  "status": "Статус",
  "all_properties": "Все свойства",
  "admin": "Администратор",
  "properties": "Свойства",
  "properties_by_user": "Свойства пользователя",
  "delete_property": "Удалить свойство",
  "put_on_hold": "Поставить на удержание",
  "publish_property": "Опубликовать свойство",
  "no_properties_error_message_search_by_id": "Упс! Похоже, что свойство, которое вы пытаетесь \n искать, не существует. Попробуйте использовать другой идентификатор свойства\n",
  "no_properties_error_message_filter_page_search": "Упс! Похоже, что свойство, которое вы пытаетесь \n искать, не существует. Попробуйте использовать другие настройки фильтра\n",
  "no_properties_error_message": "Вы не добавили ни одного свойства",
  "select_location": "Выберите местоположение",
  "filters": "Фильтры",
  "price_range": "Диапазон цен",
  "change_currency": "Изменить валюту",
  "area_range": "Диапазон площадей",
  "change_area_unit": "Изменить единицу площади",
  "i_want_to": "Я хочу просмотреть",
  "reset": "Сброс",
  "enquire_information": "Запрос информации",
  "hello_i_am_interested_in": "Здравствуйте, меня интересует {title} {url} {perma_link}",
  "email_capital": "ЭЛЕКТРОННАЯ ПОЧТА",
  "call_capital": "ПОЗВОНИТЬ",
  "share_the_news": "Поделиться новостями:",
  "details": "Подробности",
  "additional_details": "Дополнительные подробности",
  "less_details": "Меньше подробностей",
  "more_details": "Больше подробностей",
  "features": "Особенности",
  "read_less": "Читать меньше",
  "read_more": "Читать больше",
  "floor_plans": "Планы этажей",
  "contact_information": "Контактная информация",
  "enquire_info": "ЗАПРОСИТЬ ИНФОРМАЦИЮ",
  "setup_tour": "НАСТРОЙКА ТУРА",
  "watch_video": "СМОТРЕТЬ ВИДЕО",
  "virtual_tour_capital": "ВИРТУАЛЬНЫЙ ТУР",
  "related_properties": "Связанные свойства",
  "message_sent_successfully": "Сообщение отправлено успешно",
  "tour_scheduled_successfully": "Тур запланирован успешно",
  "message_failed_to_send": "Сообщение не удалось отправить",
  "tour_failed_to_scheduled": "Тур не удалось запланировать",
  "please_wait_data_is_loading": "Пожалуйста, подождите...Данные загружаются",
  "realtor_info": "Информация о риэлторе",
  "agent_rating": "Рейтинг агента",
  "license": "Лицензия:",
  "tax_number": "Налоговый номер:",
  "service_areas": "Зоны обслуживания:",
  "specialties": "Специальности:",
  "listings": "Списки",
  "agency": "Агентство",
  "agents": "Агенты",
  "office": "Офис:",
  "mobile_with_colon": "Мобильный телефон",
  "fax_with_colon": "Факс",
  "email_with_colon": "Электронная почта",
  "realtor_message": "Привет {user_name}, я увидел ваш профиль на {app_name} и хотел узнать, могу ли я получить некоторую помощь. {perma_link}",
  "hi": "Привет",
  "send_email": "Отправить электронное письмо",
  "call": "Позвонить",
  "more": "Еще",
  "sort_by": "Сортировать по",
  "searching": "Поиск...",
  "results": "результаты",
  "help": "Помогите",
  "your_name": "Ваше имя",
  "enter_your_name": "Введите Свое имя",
  "enter_your_phone_number": "Введите свой номер телефона",
  "enter_your_msg": "Введите свое сообщение",
  "by_submitting_this_form_i_agree": "Отправляя эту форму, я согласен",
  "to_the": "к",
  "terms_of_use": "Условия использования",
  "term_and_agreement_message": "Отправляя эту форму, я соглашаюсь с {terms_of_use}.",
  "@term_and_agreement_message": {
    "description": "условия использования, которые будут использоваться для ссылки",
    "placeholders": {
      "terms_of_use": {
        "type": "String"
      }
    }
  },
  "please_accept_terms_of_use": "Пожалуйста, примите Условия использования",
  "forgot_password": "Забыли пароль",
  "enter_the_email_address_or_user_name": "Введите адрес электронной почты или имя пользователя",
  "user_name_email": "Имя пользователя /адрес электронной почты",
  "enter_your_user_name_or_email_address": "Введите свое имя пользователя или адрес электронной почты",
  "confirmation_message_sent_to_your_email": "Сообщение с подтверждением отправлено на вашу электронную почту",
  "invalid_username": "Неверное имя пользователя",
  "user_profile": "Профиль пользователя",
  "user_Login_successfully": "Успешный вход пользователя в систему",
  "user_login_failed": "Ошибка входа пользователя!",
  "forgot_password_with_question_mark": "Забыли пароль?",
  "sign_up_capital": "ЗАРЕГИСТРИРОВАТЬСЯ",
  "do_not_have_an_account": "У вас нет учетной записи?",
  "enter_your_password": "Введите свой пароль",
  "password": "Пароль",
  "login_capital": "Логин",
  "already_have_an_account": "Уже есть учетная запись?",
  "sign_up": "Зарегистрироваться",
  "user_already_registered": "Пользователь уже зарегистрирован",
  "user_sign_up_successfully": "Пользователь успешно зарегистрировался",
  "i_accept_terms": "Я принимаю условия",
  "select_your_account_type": "Выберите тип вашей учетной записи",
  "confirm_your_password": "Подтвердите Свой Пароль",
  "confirm_password": "Подтвердите Пароль",
  "enter_your_email_address": "Введите Свой Адрес Электронной Почты",
  "enter_your_user_name": "Введите Свое имя пользователя",
  "user_name": "Имя пользователя",
  "gdpr_agreement": "Соглашение о GDPR",
  "i_consent_to_having_this_website_to_store_my_submitted_information_read_more_information": "Я даю согласие на использование этого веб-сайта для хранения предоставленной мной информации, читайте дополнительную информацию:",
  "property_information": "Информация о собственности",
  "i_am_a": "Я",
  "email_address": "Адрес электронной почты",
  "your_message": "Ваше сообщение",
  "contact_us": "Свяжитесь с нами",
  "back": "Назад",
  "upload_at_least_one_image": "Пожалуйста, загрузите хотя бы одно изображение",
  "next": "Следующий",
  "please_accept_the_gdpr_agreement": "Пожалуйста, примите Соглашение GDPR",
  "map": "Карта",
  "drag_and_drop_the_pin_on_map_to_find_exact_location": "Перетащите pin-код на карту, чтобы найти точное местоположение",
  "add_property_map_additional_hint" : "Нажмите на карту, чтобы выбрать точное местоположение",
  "latitude": "Широта",
  "longitude": "Долгота",
  "enter_address_longitude": "Введите долготу адреса",
  "enter_address_latitude": "Введите широту адреса",
  "address_star": "Адрес_star *",
  "enter_your_property_address": "Введите адрес вашей собственности",
  "what_information_do_you_want_to_display_in_agent_data_container": "Какую информацию вы хотите отобразить в контейнере данных агента?",
  "add_new": "Добавить новый",
  "enter_year_built": "Введите год постройки",
  "year_built": "Год постройки",
  "for_example_hz_01": "Например: IL-01",
  "enter_property_id": "Введите идентификатор объекта",
  "property_id": "Идентификатор объекта",
  "enter_garage_size": "Введите размер гаража",
  "garage_size": "Размер гаража",
  "number_of_garages": "Количество гаражей",
  "garages": "Гаражи",
  "enter_land_area": "Введите площадь земельного участка",
  "land_area": "Площадь земельного участка",
  "minimum_size_800_600_px": "(Минимальный размер 800x600 пикселей)",
  "select_image": "Выберите изображение",
  "plan_image": "Изображение плана",
  "enter_the_plan_description": "Введите описание плана",
  "enter_the_plan_size": "Введите размер плана",
  "plan_size": "Размер плана",
  "enter_price_postfix": "Введите постфикс цены",
  "price_postfix": "Постфикс цены",
  "enter_the_plan_title": "Введите название плана",
  "plan_title": "Название плана",
  "enter_the_second_price": "Введите вторую цену",
  "second_price_optional": "Вторая цена (необязательно)",
  "for_example_monthly": "Например: Ежемесячно",
  "enter_the_after_price": "Введите цену после",
  "after_the_price": "После цены",
  "for_example_start_from": "Например: Начать с",
  "enter_the_price_prefix": "Введите префикс цены",
  "price_prefix": "Префикс цены",
  "label": "Метка",
  "for_example": "Например:",
  "youtube_vimeo_swf_file_and_mov_file_are_supported": "Поддерживаются Youtube, Vimeo, SWF-файлы и MOV-файлы",
  "video_url": "URL видео",
  "video": "Видео",
  "media": "Медиа",
  "fifty_files": "/50 файлов",
  "write_private_note_for_this_property_it_will_not_display_for_public": "Напишите личное примечание для этого свойства, оно не будет отображаться для общего доступа.",
  "enter_the_note_here": "Введите примечание здесь",
  "property_settings": "Настройки свойства",
  "do_you_want_to_mark_this_property_as_featured": "Вы хотите пометить это свойство как рекомендуемое?",
  "the_user_must_be_logged_in_to_view_this_property": "Пользователь должен войти в систему, чтобы просмотреть это свойство?",
  "disclaimer": "Отказ от ответственности",
  "enter_the_date": "Введите дату",
  "availability_date": "Дата доступности",
  "enter_property_type": "Введите тип свойства",
  "property_size": "Размер свойства",
  "virtual_tour": "Виртуальный тур на 360°",
  "enter_virtual_tour_iframe_embedded_code": "Введите виртуальный тур iframe/встроенный код",
  "dark_mode_settings": "Настройки темного режима",
  "use_system_settings": "Использовать системные настройки",
  "we_ll_adjust_your_appearance_based_on_your_device_system_settings": "Мы настроим внешний вид на основе системных настроек вашего устройства",
  "off": "Выкл",
  "on": "Вкл",
  "no_image_found": "Изображение не найдено",
  "no_plan_available": "Упс! Изображение плана этажа не найдено.",
  "schedule_a_tour": "Запланировать тур",
  "tour_type": "Тип тура",
  "date": "Дата",
  "select_tour_date": "Выберите дату тура",
  "select_tour_time": "Выберите время тура",
  "your_information": "Ваша информация",
  "tour_information": "Информация о туре",
  "time": "Время",
  "wordpress_url_optional": "URL веб-Сайта (необязательно)",
  "enter_wordpress_url": "Введите URL Wordpress",
  "web_example": "например http://ilandrealtor.com /",
  "home": "Главная страница",
  "dashboard": "Панель мониторинга CRM",
  "settings": "Настройки",
  "request_demo": "Запросить демонстрацию",
  "log_out": "Выйти из системы",
  "please_enter_a_complete_url": "Пожалуйста, введите полный URL",
  "are_you_sure_you_want_to_log_out": "Вы уверены, что хотите выйти из системы?",
  "yes": "Да",
  "i_accept": "Я принимаю",
  "add_new_lead": "Добавить нового клиента",
  "add_new_inquiry": "Добавить новый запрос",
  "add_to_fav": "Добавлен в избранное",
  "remove_from_fav": "Удален из избранного",
  "data_loading": "Пожалуйста, подождите... данные загружаются",
  "property_uploaded": "Свойство загружено",
  "view_property": "Просмотреть свойство",
  "search_by_property_id": "Поиск По Идентификатору Свойства",
  "go": "ПЕРЕЙТИ",
  "recent_searches": "Последние поиски",
  "lead_deleted": "Удаленная ссылка",
  "favorites": "Избранное",
  "delete_confirmation": "Вы уверены, что хотите удалить?",
  "featured_tag": "ИЗБРАННОЕ",
  "title_property_types": "Типы свойств",
  "done": "Готово",
  "zero": "0",
  "to": "КОМУ",
  "any": "Любой",
  "quick_edit": "Быстрое редактирование",
  "search_saved_successfully": "Поиск успешно сохранен",
  "you_must_login": "Вы должны войти в систему",
  "before_saving_search": "перед сохранением поиска",
  "before_adding_to_favorites": "перед добавлением в избранное",
  "saved_searches": "Сохраненные поиски",
  "removed_from_saved_searches": "Удалено из сохраненных поисков",
  "show_less": "Показывать меньше",
  "show_more": "Показывать больше",
  "delete_lead": "Удалить интерес",
  "delete_inquiry": "Удалить запрос",
  "delete_deal": "Удалить сделку",
  "uploading_image": "Загрузка изображения",
  "press_again_to_exit": "Нажмите еще раз, чтобы выйти",
  "locations_text": "Местоположения",
  "leave_a_review": "Оставить отзыв",
  "enter_a_title": "Введите заголовок",
  "write_a_review": "Написать отзыв",
  "review": "Обзор",
  "at_least_give_one_star": "По крайней мере, дайте одну звезду",
  "before_leaving_a_review": "прежде чем оставить отзыв",
  "reviews": "Отзывы",
  "see_more": "Смотрите больше",
  "tell_others_what_you_think": "Расскажите другим, что вы думаете",
  "give_a_review": "Дайте отзыв",
  "retry": "Retry",
  "no_internet_connection": "НЕТ ПОДКЛЮЧЕНИЯ К ИНТЕРНЕТУ",
  "no_internet_connection_retry_again_message": "Возникла проблема с подключением к Интернету. Пожалуйста, нажмите 'Повторить попытку', чтобы подключиться снова.",
  "saved": "Сохранено",
  "no_internet_connection_error_message_01": "НЕТ ПОДКЛЮЧЕНИЯ К ИНТЕРНЕТУ",
  "no_internet_connection_body_error_message": "Возникла проблема с подключением к Интернету. Пожалуйста, нажмите 'Повторить попытку', чтобы подключиться снова.",
  "profile": "Профиль",
  "no_internet_connection_error_message_02": "Проверьте подключение и повторите попытку",
  "refine_search_text": "Уточнить поиск",
  "received_a_new_rating_from": "Получен новый рейтинг от",
  "enter_the_email": "Введите адрес электронной почты",
  "title_position": "Должность / должность",
  "whatsApp": "Ватсап",
  "fax_number": "Номер факса",
  "company_name": "Название компании",
  "about_me": "Обо мне",
  "upload_photo": "Загрузить фото",
  "language_label": "Язык",
  "profile_updated_successfully": "Профиль успешно обновлен",
  "display_name": "Отображаемое имя",
  "choose_location": "Выберите местоположение",
  "nigeria": "Нигерия",
  "zimbabwe": "Зимбабве",
  "select_city": "Выберите город",
  "edit_profile": "Редактировать профиль",
  "update_profile": "Обновить профиль",
  "view_result": "Просмотреть результат",
  "oops_saved_search_not_exist": "Упс! Похоже, сохраненный поиск, к которому вы пытаетесь подключиться, не существует.",
  "minimum_image_size_text": "Изображение должно быть минимальным",
  "minimum_image_width_text": "Ширина изображения должна быть минимальной",
  "minimum_image_height_text": "Высота изображения должна быть минимальной",
  "portraits_are_not_allowed_text": "Портреты запрещены",
  "version_text": "Версия",
  "no_saved_searches_found": "Вы не сохранили ни одного поиска, вы можете сохранить свои поиски для быстрого доступа в будущем.",
  "no_fav_found": "Вы не отметили ни одно свойство как избранное. Вы можете добавлять свойства в закладки, чтобы следить за вашими любимыми объявлениями.",
  "demo_version_expired": "Срок действия демо-версии истек",
  "contact_developer_for_latest_version": "Эта демо-версия больше не поддерживается, пожалуйста, свяжитесь с вашим разработчиком для получения более новой версии",
  "language_settings": "Языковые настройки",
  "select_language": "Выберите язык",
  "about_app_description_text01": "И",
  "about_app_description_text02": "логотипы являются товарными знаками",
  "about_app_description_text03": "Все права защищены.",
  "no_agents_found": "Агенты не найдены.",
  "no_agencies_found": "Агентства не найдены.",
  "agencies": "Агентства",
  "find_agent": "Найти агента",
  "find_agency": "Найти агентство",
  "search_agent": "Поиск агента",
  "all_categories": "Все категории",
  "all_cities": "Все города",
  "enter_keyword": "Введите ключевое слово",
  "search_agency": "Поиск Агентства",
  "plug_in_text": "Плагин",
  "whatsapp": "Ватсап",
  "i_saw_your_profile_on": "Я видел ваш профиль на",
  "and_wanted_to_see_if_i_can_get_some_help": "и хотел посмотреть, смогу ли я получить некоторую помощь",
  "my_properties": "Мои свойства",
  "edit_property": "Редактировать свойство",
  "view_all": "Просмотреть все",
  "log_in_to_your_account": "Войдите в свою учетную запись",
  "enter_valid_email": "Пожалуйста, введите действительный адрес электронной почты",
  "password_length_at_least_eight": "Длина пароля должна составлять не менее 8 символов",
  "enter_phone": "Пожалуйста, введите свой номер телефона",
  "enter_valid_phone": "Пожалуйста, введите действительный номер телефона",
  "user_name_at_least_three": "UИмя пользователя должно быть не менее 3 буквы!",
  "remove_whitespace": "Пожалуйста, удалите пробелы",
  "first_price": "Первая цена",
  "second_price": "Вторая цена",
  "property_status": "Имущественный статус",
  "property_unique_id": "Уникальный идентификатор имущества",
  "pool_size": "Размер бассейна",
  "last_remodel_year": "Последний год ремонта",
  "amenities": "Последний год ремонта",
  "additional_rooms": "Дополнительные комнаты",
  "equipment": "Оборудование",
  "air_conditioning": "Кондиционер",
  "broadband": "Широкополосный доступ",
  "intercom": "Домофон",
  "pay_tv": "Платное телевидение",
  "pool": "Бассейн",
  "security_system": "Система безопасности",
  "swimming_pool": "Бассейн",
  "tv_cable": "Кабельное телевидение",
  "wifi": "Вайфай",
  "gym": "Тренажерный зал",
  "first_floor": "Первый этаж",
  "second_floor": "Второй этаж",
  "out_of_five": "из 5)",
  "barbeque": "Barbeque",
  "dryer": "Сушилка",
  "laundry": "Прачечная",
  "lawn": "Газон",
  "outdoor_shower": "Наружный душ",
  "refrigerator": "Холодильник",
  "sauna": "Сауна",
  "washer": "Стиральная машина",
  "window_coverings": "Оконные покрытия",
  "author_info": "Информация об авторе",
  "agent_info_choose_list": "Информация об агенте (выберите агента из списка ниже)",
  "agency_info_choose_list": "Информация об агентстве (выберите агентство из списка ниже)",
  "do_not_display": "Не отображать",
  "from_camera": "С камеры",
  "from_gallery": "Из галереи",
  "reviews_rating_out_of": "({rating} из 5)",
  "@reviews_rating_out_of": {
    "description": "Рейтинг",
    "placeholders": {
      "rating": {
        "type": "String"
      }
    }
  },
  "property_share_msg": "Эй, проверьте это свойство здесь: {title} {url}",
  "@property_share_msg": {
    "description": "Общий доступ к Msg",
    "placeholders": {
      "title": {
        "type": "String"
      },
      "url": {
        "type": "String"
      }
    }
  },
  "select_agent": "Пожалуйста, выберите агента из списка",
  "select_agency": "Пожалуйста, выберите агентство из списка",
  "search_in_this_area": "Поиск в этой области",
  "log_in_google": "Войдите в Google",
  "log_in_facebook": "Войдите в Facebook",
  "log_in_apple": "Войдите в систему с помощью Apple",
  "log_in_phone": "Войдите в систему с помощью телефона",
  "draft_properties_exit_menu_title_text": "Сохранить это свойство как черновик?",
  "draft_properties_exit_menu_subtitle_text": "Если вы откажетесь сейчас, вы потеряете это свойство.",
  "draft_properties_exit_menu_option_save": "Сохранить черновик",
  "draft_properties_exit_menu_option_discard": "Отменить свойство",
  "draft_properties_exit_menu_option_keep_editing": "Продолжить редактирование",
  "draft_properties_toast_error_text": "Пожалуйста, Введите название свойства",
  "draft_properties": "Свойства черновик",
  "draft_properties_no_result_found_header_message": "Черновики не найдены",
  "draft_properties_no_result_found_body_message": "Вы не добавили ни одного черновика",
  "draft_properties_your_draft_is_saved": "Ваш черновик сохранен!",

  "whatsapp_hello_i_am_interested_in": "Здравствуйте, меня интересует {title} {url}",
  "@whatsapp_hello_i_am_interested_in": {
    "description": "Интересует недвижимость msg",
    "placeholders": {
      "title": {
        "type": "String"
      },
      "url": {
        "type": "String"
      }
    }
  },
  "radius_km": "Радиус {km} км",
  "@radius_km": {
    "description": "Радиус",
    "placeholders": {
      "km": {
        "type": "String"
      }
    }
  },
  "password_does_not_match": "Пароль не совпадает",
  "multi_units": "Несколько единиц",
  "change_password": "Сменить пароль",
  "delete_account": "Удалить учетную запись",
  "update_password": "Обновить пароль",
  "delete_my_account": "Удалить мою учетную запись",
  "delete_account_confirmation": "Вы уверены, что хотите удалить свою учетную запись?",
  "manage_profile": "Управлять Профилем",
  "value": "Значение",
  "additional_feature_title_hint": "Например: Оборудование",
  "additional_feature_value_hint": "Гриль - газ",
  "enter_user_type": "Введите тип пользователя (покупатель, агент и т.д.)",
  "please_enter_keyword": "Пожалуйста, введите ключевое слово",
  "open_in_map": "Открыть на карте",
  "message_already_sent": "Вы уже отправили сообщение для этого свойства",
  "add_request_property": "Добавить свойство запроса",
  "request_property": "Свойство запроса",
  "selected": "Выбрано",
  "multi_select_drop_down_item_selected": "{count} выбранных элементов",
  "@multi_select_drop_down_item_selected": {
    "description": "Многовыборный выпадающий список выбранных элементов",
    "placeholders": {
      "count": {
        "type": "String"
      }
    }
  },
  "region": "Регион",
  "no": "Нет",
  "Home": "Главная страница",
  "Add Property": "Добавить свойство",
  "Quick Add Property": "Быстро добавить свойство",
  "Properties": "Свойства",
  "Agents": "Агенты",
  "Agencies": "Агентства",
  "Property Request": "Запрос на недвижимость",
  "Favorites": "Избранное",
  "Saved Searches": "Сохраненные поиски",
  "CRM Dashboard": "Панель управления CRM",
  "Activities": "Действия",
  "Inquiries": "Запросы",
  "Deals": "Сделки",
  "Leads": "Зацепки",
  "Settings": "Настройки",
  "Request Demo": "Запросить демонстрацию",
  "Login": "Войти в систему",
  "Log Out": "Выход из системы",
  "search_property_id" : "ID",
  "Top agency rate": "Лучшие агенства",
  "Top agent rate": "Лучшие агенты",
  "Recently added": "Недавно добавлено",
  "Projects & Towers": "Проекты и башни",
  "advertising": "реклама",
  "real_estate_agency": "Агентство недвижимости",
  "List of properties": "Список свойств",
  "Beds": "Кровати",
  "Listing IDs": "Список идентификаторовСписок идентификаторов",
  "Listing IDs Hint": "Введите идентификаторы списка, разделенные запятыми",
  "OR": "ИЛИ",
  "Listing IDs Additional Hint": "Например, 4,5,6",
  "Select Properties": "Выберите свойства",
  "category": "Категория",
  "add_new_agent": "Добавить нового агента",
  "My Agents": "Мои агенты",
  "send_email_new_user": "Отправить новому пользователю электронное письмо об их учетной записи.",
  "edit_agent": "Редактировать агента",
  "text": "Текст",
  "photo": "Фото",
  "add_story": "Добавить историю",
  "enter_text_here": "Введите текст здесь",
  "enter_the_title": "Введите заголовок",
  "select_video": "Выберите видео",
  "see_all": "Посмотреть все",
  "edit_deal": "Edit deal",

  "showing_sorted_results": "Showing '{sort_item}' results",

  "Kurdistan Region" : "Курдский регион",
  "Iraq" : "Ирак",
  "UAE" : "Эмирейтс",
  "Erbil" : "Эрбиль",
  "Duhok" : "духок",
  "Sulaimanya" : "Сулеймания",
  "Halabja" : "Халабджа",
  "Baghdad" : "Багдад",
  "Basrah" : "Басра",
  "Mosul" : "Мосул",
  "Abu Dhabi" : "Абу Даби",
  "Dubai" : "Дубай",
  "Sharjah" : "Шарджа",
  "Al Ain" : "Аль-Айн",

  "Details" : "Детали",
  "Features" : "Характеристики",
  "Description" : "Описание",
  "Address" : "Адрес",
  "Contact Information" : "Контакты",
  "Related Properties" : "Связанные свойства",
  "Contact Us" : "Свяжитесь с нами",


  "United States" : "United States",
  "Cook County" : "Cook County",
  "Etit" : "Etit",
  "Grebase" : "Grebase",
  "Kevla" : "Kevla",
  "Masik" : "Masik",
  "Shaxke" : "Shaxke",
  "Tavarashe" : "Tavarashe",
  "West Town" : "West Town",
  "Zariland KRO" : "Zariland KRO",


  "sub_listings": "Подсписок",
  "Sub Listings": "Подсписок",

  "Direction" : "Направление",
  "Store" : "Магазин",
  "Street Width (m)" : "Ширина улицы (м)",
  "Condition" : "Условие",
  "Front View" : "передний план",
  "Services $/per month" : "Услуги $/в месяц",
  "Apartment Building Name" : "Название многоквартирного дома",
  "Number of Floors" : "Количество этажей",
  "Apartment Type" : "Тип квартиры",
  "Dimension" : "Измерение",

  "East" : "Восток",
  "West" : "Запад",
  "North" : "Север",
  "South" : "Юг",
  "North-East" : "Северо-Восток",
  "North-West" : "Северо-Запад",
  "South-East" : "Юго-Восток",
  "South-West" : "Юго-Запад",
  "North-South" : "Север-Юг",
  "East-West" : "Восток-Запад",

  "Yes" : "Да",
  "No" : "Нет",

  "New" : "Новый",
  "Used" : "использовал",
  "Old" : "Старый",
  "Re-construction" : "Реконструкция",
  "Ongoing" : "Незаконченный",

  "Garden" : "Сад",
  "Open" : "Открытый",
  "House" : "Дом",

  "Penthouse" : "пентхаус",
  "Deluxe" : "Делюкс",
  "Yes, No" : "Да, Нет",
  "New, Used, Old" : "Новый, использовал, Старый",

  "Sulaymaniyah" : "Сулеймания",

  "Bedroom" : "Спальни",
  "Bathroom" : "Ванные комнаты",
  "Area Size" : "Размер области",
  "Garages" : "Гаражи",

  "Kitchen" : "Кухня",
  "Balcony" : "Балкон",

  "Living Room" : "Гостиная",
  "Hall" : "холл",

  "Building Name" : "Название многоквартирного дома",
  "Number of floors" : "Количество этажей",

  "Furnished": "Меблированный",
  "Choose Yes or No": "Выберите Да или Нет",
  "view_sub_listing": "Посмотреть подлистинг >",
  "view_floor_plan": "Посмотреть план этажа >",
  "add_user": "Добавить Пользователя",
  "send_otp": "Отправить OTP",
  "otp_sent": "ОТP отправлено на ваш номер",
  "otp_verification": "Проверка OTP",
  "search_property" : "Поиск собственности"
}