{
  "First Price": "Fiyat",
  "Second Price": "İkinci Fiyat",
  "Property Status": "İlan Durumu",
  "Property Unique ID": "İlan İD",
  "Pool Size": "Havuz Büyüklüğü",
  "deposit": "depozito",
  "Last remodel year": "Son Tamir Yılı",
  "Amenities": "Kolaylıklar",
  "Additional Rooms:": "Ek Odalar",
  "Equipment": "Teçhizat",
  "Air Conditioning": "Havalandırma",
  "Microwave" : "Mikrodalga",
  "Broadband": "Kablonet",
  "Intercom": "Interkom",
  "Pay Tv": "Tv Eboneliği",
  "Pool": "Havuz",
  "Security System": "Güvenlik Sistemi",
  "Swimming Pool": "Yüzme havuzu",
  "TV Cable": "TV ",
  "WiFi": "WiFi",
  "Gym": "Gym",
  "First Floor": "Birinci Kat",
  "Second Floor": "İkinci Kat",
  "Barbeque": "Barbekü",
  "Dryer": "Kurutma Makinesi",
  "Laundry": "Çamaşır Makinesi",
  "Lawn": "Çim",
  "Outdoor Shower": "Açık Duş",
  "Refrigerator": "Buzdolabı",
  "Sauna": "Sauna",
  "Washer": "Bulaşık Makinesi",
  "Window Coverings": "Pencere Kaplamaları",
  "Property ID": "İlan İD",
  "Price": "Fiyat",
  "Property Type": "İlan Tipi",
  "Bedrooms": "Yatak Odası",
  "Bathrooms": "Banyo",
  "Garage": "Garaj",
  "Garage Size": "Garaj Boyutu",
  "Year Built": "Yapım Yılı",
  "Property Size": "Mülk Boyutu",


  "Apartment": "Apartman",
  "Commercial": "İşletme",
  "Condo": "Müstakil",
  "Multi Family Home": "Aile Apartmanı",
  "Office": "Ofis",
  "Residential": "Residans",
  "Shop": "Mağaza",
  "Single Family Home": "Tekli Aile evi",
  "Studio": "Stüdyo",
  "Villa": "Villa",



  "Hot Offer": "Sıcak Teklif",
  "Open House": "Açık Teklif",
  "Sold": "Satıldı",

  "Buy": "Satın Al",
  "For Rent": "Kiralık",
  "For Sale": "Satılık",
  "Foreclosures": "Haciz",
  "New Construction": "Yeni Yapı",
  "New Listing": "Yeni İlan",
  "Reduced Price": "İndirimli fiyat",
  "Resale": "Yeniden Satış",


  "Grid": "Kafes",
  "List": "Liste",
  "Map": "Harita",
  "Filter": "Filtre",
  "Sort": "Sırala",
  "Save": "Kaydet",
  "Save Search": "Aramayı Kaydet",

  "Newest": "Önce en yeni",
  "Oldest": "Önce en eski",
  "Price (low to high)": "Fiyat (düşükten yükseğe)",
  "Price (high to low)": "Fiyat pahalıdan ucuza)",

  "Featured Properties": "Öne Çıkan İlanlar",
  "Latest Properties": "Son Eklenen İlanlar",
  "in_": "içinde",
  "Explore Cities": "Şehirleri Keşfet",
  "Explore By Type": "Türleri Keşfet",
  "Meet Our Agents": "Danışmanlarımızla Tanışın",
  "Meet Our Agencies": "Emlak Ofislerimize Göz Atın",
  "Recent Searches": "Son Aramalar",

  "I want to": "Arıyorum",
  "Property Types": "İlan Türü",
  "Area range": "Alan aralığı",
  "Price range": "Fiyat Aralığı",
  "Latest properties in": "Son İlanlar",
  "All": "Tümü",

  "In Person": "Yüz Yüze",
  "Video Chat": "Video Konferans",

  "I am a Buyer": "Alıcıyım",
  "I am a Tenant": "Kiracıyım",
  "I am a Agent": "Danışmanım",
  "Others": "Diğer",

  "Keyword": "Anahtar Kelime",







  "language": "Türkçe",
  "search": "Ara",
  "location": "Konum",
  "please_select": "Lütfen Seçin",
  "buy": "Satın AL",
  "rent": "Kirala",
  "featured_properties": "Öne Çıkan İlanlar",
  "latest_properties": "Son İlanlar",
  "latest_properties_in_city": "{city_name} Bölgesindeki Son İlanlar",
  "@latest_properties_in_city": {
    "description": "Şehir",
    "placeholders": {
      "city_name": {
        "type": "String"
      }
    }
  },
  "explore_cities": "Şehirleri Keşfet",
  "explore_by_type": "Türleri Keşfet",
  "meet_our_real_estate_agents": "Danışmanlarımızla Tanışın",
  "meet_our_real_estate_agencies": "Emlak Ofislerimiz İle Tanışın",
  "quick_add_property": "Hızlı İlan Yükle",
  "property_title": "İlan Başlığı",
  "property_title_cannot_be_empty": "İlan Başlığı Boş Olamaz!",
  "enter_your_property_title": "İlan Başlığını Girin",
  "content": "İçerik",
  "property_description_cannot_be_empty": "İlan Açıklaması Boş Olamaz!",
  "description": "Açıklama",
  "Description": "Açıklama",
  "sale_or_rent_price": "Satış veya kira fiyatı",
  "enter_the_price": "Fiyat Giriniz",
  "price_field_cannot_be_empty": "Fiyat Alanı Boş Olamaz!",
  "area_size": "Alan Boyutu",
  "area_size_cannot_be_empty": "Alan Boyutu Boş Olamaz!",
  "enter_area_size": "Alan Boyutu Giriniz",
  "only_digits": "Sadece Sayılar",
  "size_postfix": "Boyut Son Ek",
  "area_size_postfix_cannot_be_empty": "Alan boyutu son ek alanı boş olamaz!",
  "enter_size_postfix": "Boyut son ekini girin",
  "for_example_Sq_Ft": "Örneğin: Metrekare",
  "bedrooms": "Yatak Odası",
  "bathrooms": "Banyo",
  "select_and_upload": "Seç Ve Yükle",
  "upload_media": "Dosya Yükle",
  "click_on_the_star_icon_to_select_the_cover_image": "Kapak resmini seçmek için yıldız simgesine tıklayın.",
  "you_have_reached_the_limit": "Sınıra ulaştınız",
  "agreement_upload_property": "Bu web sitesinin gönderdiğim bilgileri saklamasına izin veriyorum, aşağıda daha fazla bilgi okuyun:",
  "please_accept_terms_text": "Lütfen Şartlar ve Koşulları Kabul Edin",
  "add_property": "İlan Ekle",
  "your_property_is_being_uploaded": "İlanınız Yükleniyor!",
  "you_are_not_logged_in": "Bu ilanı eklemek için giriş yapmadınız!\\ İlanınız Giriş yaptıktan sonra yüklenecek",
  "login": "Giriş",
  "activities": "Aktiviteler",
  "leads": "Müşteri Adayları",
  "last_24_hours": "Son 24 Saat",
  "last_7_days": "Son 7 gün",
  "last_30_days": "Son 30 gün",
  "deals": "Anlaşmalar",
  "active": "Aktif",
  "won": "Kazanılan",
  "lost": "Kaybedilen",
  "new_lead": "Yeni Anlaşma",
  "from": " kimden ",
  "name": "İsim",
  "email": "Email",
  "phone": "Telefon",
  "type": "Tür",
  "setting_and_privacy": "Ayarlar ve Gizlilik",
  "demo_configuration": "Demo Yapılandırma",
  "enter_your_own_wordpress": "Bu Uygulama ile test etmek için kendi WordPress web sitesi URL'nizi girin. (Houzi Mobile API eklentisi gereklidir)",
  "enter_your_wordpress_url": "WordPress URL'sini girin",
  "cancel": "İptal",
  "save": "Kaydet",
  "this_app_requires_plugin": "Bu uygulama, Houzez wordpress'inize yüklemeniz gereken bir eklenti gerektirir. Gerekli eklenti eksik, lütfen aşağıdaki bağlantıdan yükleyin.",
  "ok": "Tamam",
  "item_theme_design": "Öğe Tema Tasarımı",
  "customise_your_item_theme_design": "Öğe tema tasarımınızı özelleştirin.",
  "explore_by_type_theme_design": "Tür Tema Tasarımına Göre Keşfedin",
  "preference": "Tercih",
  "customise_your_experience_on_app": "Deneyiminizi özelleştirin {app_name}.",
  "@customise_your_experience_on_app": {
    "description": "Houzi",
    "placeholders": {
      "app_name": {
        "type": "String"
      }
    }
  },
  "dark_mode": "Karanlık Mod",
  "community_standards_and_legal_policies": "Topluluk Standartları ve Yasal Politikalar",
  "terms_and_conditions": "Şartlar ve koşullar",
  "privacy_policy": "Gizlilik Politikası",
  "about": "Hakkımızda",
  "item_design_is_successfully_updated": "Öğe tasarımı başarıyla güncellendi",
  "explore_by_type_is_successfully_updated": "Türe göre keşfet tema tasarımı başarıyla güncellendi",
  "edit": "Düzenle",
  "delete": "Sil",
  "action": "İşlem",
  "inquiries": "Araştırma",
  "inquiry_detail": "Araştırma Detayları",
  "id": "İD",
  "contact": "İletişim",
  "listing_type": "İlan Türü",
  "price": "Fiyat",
  "built_up": "Yapım Yılı",
  "property_type": "İlan Türü",
  "message": "Mesajlar",
  "matching_list": "Eşleşenler",
  "view": "Görüntüle",
  "inquiry_delete_successfully": "Sorgu Silme Başarılı",
  "error_occurred": "Hata oluştu",
  "inquiry_form": "Talep Formu",
  "enter_the_deal_title": "Anlaşma başlığını girin",
  "this_field_cannot_be_empty": "Bu alan boş olamaz!",
  "information": "Bilgi",
  "select": "Seç",
  "address": "Adres",
  "Address": "Adres",
  "country": "Ülke",
  "enter_the_country": "Ülke Girin",
  "states": "Şehir",
  "enter_the_states": "Şehir Giriniz",
  "city": "İlçe",
  "enter_the_city": "İlçe Giriniz",
  "area": "Bölge",
  "enter_the_area": "Bölge Giriniz",
  "zip_code": "Posta Kodu",
  "enter_the_zip_code": "Posta Kodunu Girin",
  "private_note": "Özel Not",
  "added_successfully": "Başarıyla eklendi",
  "submit": "Gönder",
  "max_price": "Max Fiyat",
  "enter_the_max_price": "Maks fiyatı girin",
  "minimum_size": "Min Boyut",
  "enter_the_min_size": "Minimum Boyutu Girin (m2.)",
  "contact_name": "İletişim İsmi",
  "agent": "Danışman",
  "no_result_found": "Sonuç Bulunamadı",
  "oops_activities_not_exist": "Hata! Ulaşmaya çalıştığınız etkinlikler mevcut değil gibi görünüyor.",
  "oops_inquiries_not_exist": "Hata! Ulaşmaya çalıştığınız sorgular mevcut değil gibi görünüyor.",
  "oops_deals_not_exist": "Hata! Ulaşmaya çalıştığınız fırsatlar mevcut değil gibi görünüyor.",
  "oops_leads_not_exist": "Hata! Ulaşmaya çalıştığınız potansiyel müşteriler yok gibi görünüyor.",
  "go_back": "Geri Dön",
  "add_new_deal": "Yeni Anlaşma Ekle",
  "title": "Başlık",
  "deal_value": "Anlaşma Değeri",
  "enter_the_deal_value": "Anlaşma değerini girin",
  "group": "Grup",
  "deal_has_been_added": "Anlaşma eklendi",
  "lead_form": "Müşteri Adayı Formu",
  "first_name": "İsim",
  "last_name": "Soy isim",
  "enter_first_name": "Adı Girin",
  "enter_last_name": "Soy adını gir",
  "enter_email_address": "Email adresini gir",
  "enter_mobile_address": "Cep Numarasını Girin",
  "enter_home_number": "Ev Numarasını Girin",
  "enter_work_number": "İş Numarasını Girin",
  "enter_the_address": "Adresi Girin",
  "mobile": "Telefon",
  "home_number": "Ev numarası",
  "work_number": "İş numarası",
  "source": "Kaynak",
  "social": "Sosyal",
  "facebook": "Facebook",
  "twitter": "Twitter",
  "linkedIn": "LinkedIn",
  "instagram": "Instagram",
  "youtube": "Youtube",
  "pinterest": "Pinterest",
  "vimeo": "Vimeo",
  "skype": "Skype",
  "website": "Website",
  "enter_facebook_profile_url": "Facebook profil url'sini girin",
  "enter_twitter_profile_url": "Twitter profil URL'sini girin",
  "enter_linkedIn_profile_url": "LinkedIn profil url'sini girin",
  "enter_instagram_profile_url": "Instagram profil url'sini girin",
  "inquiry_type": "Sorgulama tipi",
  "deal_detail": "Anlaşma Detayı",
  "deal_deleted": "Anlaşma Silindi",
  "last_contact_date": "Son İletişim Tarihi",
  "action_due_date": "Eylem Son Tarihi",
  "next_action": "Sonraki eylem",
  "status": "Durum",
  "all_properties": "Tüm İlanlar",
  "admin": "Admin",
  "properties": "İlanlar",
  "properties_by_user": "Kullanıcıya Göre Özellikler",
  "delete_property": "İlanı Sil",
  "put_on_hold": "Beklemeye Al",
  "publish_property": "İlanı Yayınla",
  "no_properties_error_message_search_by_id": "Hata! Aramaya çalıştığınız mülk yok gibi görünüyor. Farklı bir Mülk Kimliği kullanmayı deneyin",
  "no_properties_error_message_filter_page_search": "Hata! Aramaya çalıştığınız mülk yok gibi görünüyor. Farklı bir Filtre Ayarları kullanmayı deneyin",
  "no_properties_error_message": "Herhangi bir mülk eklemediniz",
  "no_recent_properties_error_message": "Herhangi bir ilan  aramadınız",
  "select_location": "Konum Seçin",
  "filters": "Filtreler",
  "price_range": "Fiyat aralığı",
  "change_currency": "Para Birimi Değiştir",
  "area_range": "Alan Aralığı",
  "change_area_unit": "Alan Birimini Değiştir",
  "i_want_to": "görmek istiyorum",
  "reset": "Sıfırla",
  "enquire_information": "Bilgi Sorgula",
  "hello_i_am_interested_in": "Merhaba, {title} {url} {perma_link} ile ilgileniyorum}",
  "@hello_i_am_interested_in": {
    "description": "Interested in property msg",
    "placeholders": {
      "title": {
        "type": "String"
      },
      "url": {
        "type": "String"
      },
      "perma_link": {
        "type": "String"
      }
    }
  },
  "email_capital": "E-POSTA",
  "call_capital": "ARA",
  "share_the_news": "Haberleri paylaşın: ",
  "details": "Detaylar",
  "Details": "Detaylar",
  "additional_details": "Ek detaylar",
  "less_details": "Daha Az Detay",
  "more_details": "Daha fazla detay",
  "features": "Özellikler",
  "Features": "Özellikler",
  "read_less": "Daha az",
  "read_more": "Devamını oku",
  "floor_plans": "Kat planları",
  "FloorPlans": "Kat planları",
  "contact_information": "İletişim bilgileri",
  "Contact Information": "İletişim bilgileri",
  "enquire_info": "Bilgi Sorgula",
  "setup_tour": "Bir Tur Ayarlayın",
  "watch_video": "Bir video izle",
  "virtual_tour_capital": "Sanal Tur",
  "related_properties": "İlgili İlanlar",
  "Related Properties": "İlgili İlanlar",
  "message_sent_successfully": "Mesaj başarıyla gönderildi",
  "tour_scheduled_successfully": "Tur başarıyla planlandı",
  "message_failed_to_send": "Mesaj gönderilemedi",
  "tour_failed_to_scheduled": "Tur planlanamadı",
  "please_wait_data_is_loading": "Lütfen bekleyin... Veriler Yükleniyor",
  "realtor_info": "Emlakçı Bilgileri",
  "agent_rating": "Danışman Derecelendirmesi",
  "license": "Lisans: ",
  "tax_number": "Vergi numarası: ",
  "service_areas": "Hizmet Alanları: ",
  "specialties": "İlgi Alanları: ",
  "listings": "İlanar",
  "agency": "Emlak Ofisi",
  "agents": "Danışman",
  "office": "Ofis: ",
  "mobile_with_colon": "Mobil: ",
  "fax_with_colon": "Fax: ",
  "email_with_colon": "Email: ",
  "realtor_message": "Merhaba {user_name}, profilinizi {app_name} üzerinde gördüm ve yardım alıp alamayacağımı görmek istedim. {perma_link}",
  "@realtor_message": {
    "description": "application name",
    "placeholders": {
      "user_name": {
        "type": "String"
      },
      "app_name": {
        "type": "String"
      },
      "perma_link": {
        "type": "String"
      }
    }
  },
  "hi": "Merhaba",
  "send_email": "Eposta gönder",
  "call": "Ara",
  "more": "Daha Fazla",
  "sort_by": "Sırala",
  "searching": "Aranıyor...",
  "results": "Sonuçlar",
  "Results": "Sonuçlar",
  "help": "Yardım",
  "your_name": "Adınız",
  "enter_your_name": "Adınızı giriniz",
  "enter_your_phone_number": "Telefon numaranızı girin",
  "enter_your_msg": "Mesajınızı Girin",
  "by_submitting_this_form_i_agree": "Bu formu göndererek kabul ediyorum",
  "to_the": " için",
  "terms_of_use": " Kullanım Şartları",
  "term_and_agreement_message": "Bu formu göndererek {terms_of_use} şartlarını kabul ediyorum.",
  "@term_and_agreement_message": {
    "description": "terms of use to be used for link",
    "placeholders": {
      "terms_of_use": {
        "type": "String"
      }
    }
  },
  "please_accept_terms_of_use": "Lütfen Kullanım Koşullarını Kabul Edin",
  "forgot_password": "Parolanızı mı unuttunuz",
  "enter_the_email_address_or_user_name": "E-posta adresini veya kullanıcı adını girin.",
  "user_name_email": "Kullanıcı adı/E-posta",
  "enter_your_user_name_or_email_address": "Kullanıcı adınızı veya e-posta adresinizi girin",
  "confirmation_message_sent_to_your_email": "E-postanıza gönderilen onay mesajı",
  "invalid_username": "Geçersiz kullanıcı adı",
  "user_profile": "Kullanıcı profili",
  "user_Login_successfully": "Kullanıcı Girişi başarıyla tamamlandı",
  "user_login_failed": "Kullanıcı Girişi Başarısız!",
  "forgot_password_with_question_mark": "Parolanızı mı unuttunuz?",
  "sign_up_capital": "Kaydol",
  "do_not_have_an_account": "Bir hesabınız yok mu? ",
  "enter_your_password": "Şifrenizi girin",
  "password": "Şifre",
  "login_capital": "Giriş",
  "already_have_an_account": "Zaten hesabınız var mı? ",
  "sign_up": "Kaydol",
  "user_already_registered": "Kullanıcı zaten kayıtlı",
  "user_sign_up_successfully": "Kullanıcı başarıyla kaydoldu",
  "i_accept_terms": "Şartları kabul ediyorum",
  "select_your_account_type": "Hesap türünüzü seçin",
  "confirm_your_password": "Parolanızı doğrulayın",
  "confirm_password": "Şifreyi Onayla",
  "enter_your_email_address": "E-posta adresinizi giriniz",
  "enter_your_user_name": "Kullanıcı adınızı giriniz",
  "user_name": "Kullanıcı adı",
  "gdpr_agreement": "GDPR Anlaşması",
  "i_consent_to_having_this_website_to_store_my_submitted_information_read_more_information": "Bu web sitesinin gönderilen bilgilerimi saklamasına izin veriyorum, daha fazla bilgi okuyun:",
  "property_information": "İlan Bilgisi",
  "i_am_a": "Ben bir",
  "email_address": "E-posta Adresi",
  "your_message": "Your Message",
  "contact_us": "Bize Ulaşın",
  "back": "Geri",
  "upload_at_least_one_image": "Lütfen en az bir resim yükleyin",
  "next": "Next",
  "please_accept_the_gdpr_agreement": "Lütfen GDPR Sözleşmesini kabul edin",
  "map": "Map",
  "drag_and_drop_the_pin_on_map_to_find_exact_location": "Tam konumu bulmak için raptiyeyi harita üzerinde sürükleyip bırakın",
  "latitude": "Enlem",
  "longitude": "Boylam",
  "enter_address_longitude": "Adres boylamını girin",
  "enter_address_latitude": "Adres enlemini girin",
  "address_star": "Adres*",
  "enter_your_property_address": "Mülk adresinizi girin",
  "what_information_do_you_want_to_display_in_agent_data_container": "Danışman kapsayıcısında hangi bilgileri görüntülemek istiyorsunuz??",
  "add_new": "Yeni ekle",
  "enter_year_built": "Yapım yılını girin",
  "year_built": "Yapım yılı",
  "for_example_hz_01": "Örneğin: HZ-01",
  "enter_property_id": "İlan kimliğini girin",
  "property_id": "İlan Kimliği",
  "enter_garage_size": "Garaj boyutunu girin",
  "garage_size": "Garaj boyutu",
  "number_of_garages": "Garaj sayısı",
  "garages": "Garajlar",
  "enter_land_area": "Arazi alanına girin",
  "land_area": "Land area",
  "minimum_size_800_600_px": "(Minimum boyut 800x600 piksel)",
  "select_image": "Fotoğraf seç",
  "plan_image": "Plan Resmi",
  "enter_the_plan_description": "Plan açıklamasını girin",
  "enter_the_plan_size": "Plan boyutunu girin",
  "plan_size": "Plan boyutu",
  "enter_price_postfix": "Fiyat son ekini girin",
  "price_postfix": "Fiyat Son Ek",
  "enter_the_plan_title": "Plan başlığını girin",
  "plan_title": "Plan başlığı",
  "enter_the_second_price": "İkinci fiyatı girin",
  "second_price_optional": "İkinci fiyat (Opsiyonel)",
  "for_example_monthly": "Örneğin: Aylık",
  "enter_the_after_price": "Sonrası fiyatı girin",
  "after_the_price": "Fiyattan Sonra",
  "for_example_start_from": "Örneğin: Başlangıç",
  "enter_the_price_prefix": "Fiyat önekini girin",
  "price_prefix": "Fiyat öneki",
  "label": "Etiket",
  "for_example": "Örneğin: ",
  "youtube_vimeo_swf_file_and_mov_file_are_supported": "Youtube, Vimeo, SWF Dosyası ve MOV Dosyası desteklenir",
  "video_url": "Video linki",
  "video": "Video",
  "media": "Medya",
  "fifty_files": "/50 dosya",
  "write_private_note_for_this_property_it_will_not_display_for_public": "Bu mülk için özel not yaz, herkese açık olarak görüntülenmeyecek.",
  "enter_the_note_here": "Notu buraya girin",
  "property_settings": "İlan  Ayarları",
  "do_you_want_to_mark_this_property_as_featured": "Bu mülkü öne çıkan olarak işaretlemek istiyor musunuz??",
  "the_user_must_be_logged_in_to_view_this_property": "Bu özelliği görüntülemek için kullanıcının oturum açması gereksin mi?",
  "disclaimer": "Sorumluluk reddi",
  "sub_listings": "Alt İlanlar",
  "Sub Listings": "Alt İlanlar",
  "enter_the_date": "tarihi girin",
  "availability_date": "Kullanılabilirlik Tarihi",
  "enter_property_type": "İlan  türünü girin",
  "property_size": "Mülk Boyutu",
  "virtual_tour": "360° Sanal Tur",
  "enter_virtual_tour_iframe_embedded_code": "Sanal tur iframe/katıştırılmış kodu girin",
  "dark_mode_settings": "Karanlık Mod Ayarları",
  "use_system_settings": "Sistem Ayarlarını Kullan",
  "we_ll_adjust_your_appearance_based_on_your_device_system_settings": "Görünümünüzü cihazınızın sistem ayarlarına göre ayarlayacağız.",
  "off": "Kapalı",
  "on": "Açık",
  "no_image_found": "Resim Bulunamadı",
  "no_plan_available": "Hata! Kat planı resmi bulunamadı.",
  "schedule_a_tour": "Bir Tur Planlayın",
  "tour_type": "Tur Türü",
  "date": "Tarih",
  "select_tour_date": "Tur Tarihini Seçin",
  "select_tour_time": "Tur Zamanını Seçin",
  "your_information": "Bilgilerin",
  "tour_information": "Tur Bilgileri",
  "time": "Saat",
  "wordpress_url_optional": "Web sitesi URL'si (İsteğe bağlı)",
  "enter_wordpress_url": "Wordpress URL'sini girin",
  "web_example": "e.g. https://booleanbites.com/",
  "home": "Ana Sayfa",
  "dashboard": "CRM Paneli",
  "settings": "Ayarlar",
  "request_demo": "Demo Talebi",
  "log_out": "Çıkış Yap",
  "please_enter_a_complete_url": "Lütfen tam bir url girin",
  "are_you_sure_you_want_to_log_out": "Oturumu kapatmak istediğinizden emin misiniz??",
  "yes": "Evet",
  "i_accept": "Kabul ediyorum",
  "add_new_lead": "Yeni Müşteri Adayı Ekle",
  "add_new_inquiry": "Yeni Sorgu Ekle",
  "add_to_fav": "Favorilere eklendi",
  "remove_from_fav": "Favorilerden kaldırıldı",
  "data_loading": "Lütfen bekleyin... veriler yükleniyor",
  "property_uploaded": "İlan  Yüklendi",
  "view_property": "İlanı Görüntüle",
  "search_by_property_id": "İlan Kimliğine Göre Ara",
  "go": "İleri",
  "recent_searches": "Son aramalar",
  "lead_deleted": "Müşteri Adayı Silindi",
  "favorites": "Favoriler",
  "delete_confirmation": "Silmek istediğine emin misin?",
  "featured_tag": "Öne çıkan",
  "Featured": "Öne çıkan",
  "title_property_types": "İlan  Türleri",
  "done": "Tamamlandı",
  "zero": "0",
  "to": "dan",
  "any": "Herhangi",
  "quick_edit": "Hızlı düzenleme",
  "search_saved_successfully": "Arama Başarıyla Kaydedildi",
  "you_must_login": "Giriş yapmalısınız",
  "before_saving_search": " aramayı kaydetmeden önce",
  "before_adding_to_favorites": " favorilere eklemeden önce",
  "saved_searches": "Kaydedilmiş Aramalar",
  "removed_from_saved_searches": "Kaydedilmiş aramalardan kaldırıldı",
  "show_less": "Daha az göster",
  "show_more": "Daha fazla göster",
  "delete_lead": "Potansiyel müşteriyi sil",
  "delete_inquiry": "Sorguyu sil",
  "delete_deal": "Anlaşmayı sil",
  "uploading_image": "Resim Yükleniyor",
  "press_again_to_exit": "Çıkmak için tekrar basın",
  "locations_text": "Konumlar",
  "leave_a_review": "İnceleme bırak",
  "enter_a_title": "Bir başlık girin",
  "write_a_review": "Bir değerlendirme yazın",
  "review": "İnceleme",
  "at_least_give_one_star": "En azından bir yıldız ver",
  "before_leaving_a_review": " bir inceleme bırakmadan önce",
  "reviews": "İncelemeler",
  "Reviews": "İncelemeler",
  "see_more": "Daha fazla gör",
  "tell_others_what_you_think": "Başkalarına ne düşündüğünü söyle",
  "give_a_review": "Yorum yap",
  "retry": "Yeniden dene",
  "no_internet_connection": "İNTERNET BAĞLANTISI YOK",
  "no_internet_connection_retry_again_message": "İnternete bağlanırken bir sorun oluştu. Lütfen tekrar bağlanmak için 'Yeniden Dene'ye basın.",
  "saved": "Kaydedildi",
  "no_internet_connection_error_message_01": "İNTERNET BAĞLANTISI YOK",
  "no_internet_connection_body_error_message": "İnternete bağlanırken bir sorun oluştu. Lütfen tekrar bağlanmak için 'Yeniden Dene'ye basın.",
  "profile": "Profil",
  "no_internet_connection_error_message_02": "Bağlantınızı kontrol edin ve tekrar deneyin",
  "refine_search_text": "Derinlemesine arama",
  "received_a_new_rating_from": "Şuradan yeni bir puan aldı",
  "enter_the_email": "E-postayı girin",
  "title_position": "Ünvan / Pozisyon",
  "whatsApp": "WhatsApp",
  "fax_number": "Faks numarası",
  "company_name": "Firma Adı",
  "about_me": "Benim hakkımda",
  "upload_photo": "Fotoğraf yükle",
  "language_label" : "Dil",
  "profile_updated_successfully": "Profil başarıyla güncellendi",
  "display_name": "Görünen İsim",
  "choose_location": "Konum seç",
  "select_city": "Şehir seç",
  "edit_profile": "Profili Düzenle",
  "update_profile": "Profili Güncelle",
  "view_result": "Sonucu göster",
  "oops_saved_search_not_exist": "Hata! Ulaşmaya çalıştığınız kayıtlı arama mevcut değil gibi görünüyor.",
  "minimum_image_size_text": "Resim minimum olmalıdır",
  "minimum_image_width_text": "Görüntü Genişliği minimum olmalıdır",
  "minimum_image_height_text": "Resim Yüksekliği minimum olmalıdır",
  "portraits_are_not_allowed_text": "Portrelere izin verilmiyor",
  "version_text": "Sürüm",
  "no_saved_searches_found": "Herhangi bir arama kaydetmediniz, gelecekte hızlı erişim için aramalarınızı kaydedebilirsiniz..",
  "no_fav_found": "Hiçbir mülkü favori olarak işaretlemediniz. Favori listelerinize göz kulak olmak için mülklere yer işareti koyabilirsiniz.",
  "demo_version_expired": "Demo sürümünün süresi doldu",
  "contact_developer_for_latest_version": "Bu demo sürümü artık desteklenmiyor, lütfen daha yeni sürüm için geliştiricinizle iletişime geçin..",
  "language_settings": "Dil ayarları",
  "select_language": "Dil Seçin",
  "about_app_description_text01": "ve",
  "about_app_description_text02": "logolar ticari markalarıdır",
  "about_app_description_text03": "Tüm hakları Saklıdır.",
  "no_agents_found": "Temsilci bulunamadı.",
  "no_agencies_found": "Ajans bulunamadı.",
  "agencies": "Emlak Ofisleri",
  "find_agent": "Danışman Bul",
  "find_agency": "Emlak Ofisi Bul",
  "search_agent": "Danışman Arqa",
  "all_categories": "Tüm Kategoriler",
  "all_cities": "Tüm şehirler",
  "enter_keyword": "Anahtar kelime girin",
  "search_agency": "Emlak Ofisi Ara",
  "plug_in_text": "Eklenti",
  "whatsapp": "WhatsApp",
  "i_saw_your_profile_on": "Profilini gördüm",
  "and_wanted_to_see_if_i_can_get_some_help": " ve biraz yardım alıp alamayacağımı görmek istedim.",
  "my_properties": "İlanlarım",
  "edit_property": "İlanı Düzenle",
  "view_all": "Tümünü Görüntüle",
  "log_in_to_your_account": "Hesabınıza giriş yapın",
  "enter_valid_email": "Geçerli bir eposta girin",
  "password_length_at_least_eight": "Şifre Uzunluğu en az 8 karakter olmalıdır",
  "enter_phone": "Lütfen telefon numaranızı girin",
  "enter_valid_phone": "Lütfen Geçerli Telefon Numarasını Girin",
  "user_name_at_least_three": "Kullanıcı adı en az 3 harf olmalıdır!",
  "remove_whitespace": "Lütfen boşluk karakterlerini kaldırın",
  "first_price": "İlk fiyat",
  "second_price": "İkinci Fiyat",
  "property_status": "İlan  Durumu",
  "property_unique_id": "İlan  benzersiz kimliği",
  "pool_size": "Havuz boyutu",
  "last_remodel_year": "Son tadilat yılı",
  "amenities": "Kolaylıklar",
  "additional_rooms": "Ek Odalar",
  "equipment": "Teçhizat",
  "air_conditioning": "Klima",
  "broadband": "geniş bant",
  "intercom": "interkom",
  "pay_tv": "Tv Öde",
  "pool": "Havuz",
  "security_system": "Güvenlik sistemi",
  "swimming_pool": "Yüzme havuzu",
  "tv_cable": "TV Kablosu",
  "wifi": "WiFi",
  "gym": "Gym",
  "first_floor": "Birinci kat",
  "second_floor": "İkinci kat",
  "out_of_five": " /5 üzerinden)",
  "barbeque": "Barbekü",
  "dryer": "Kurutma makinesi",
  "laundry": "Çamaşır Makinesi",
  "lawn": "Çim",
  "outdoor_shower": "Açık Duş",
  "refrigerator": "Buzdolabı",
  "sauna": "Sauna",
  "washer": "Bulaşık Makinesi",
  "window_coverings": "Pencere Kaplamaları",
  "author_info": "Yazar Bilgisi",
  "agent_info_choose_list": "Danışman Bilgisi (Aşağıdaki listeden temsilci seçin)",
  "agency_info_choose_list": "Emlak Ofisi Bilgisi (Aşağıdaki listeden ajans seçiniz)",
  "do_not_display": "Do not display",
  "from_camera": "Kameradan",
  "from_gallery": "Galeriden",
  "reviews_rating_out_of": "(5 üzerinden {rating})",
  "@reviews_rating_out_of": {
    "description": "Değerlendirme",
    "placeholders": {
      "rating": {
        "type": "String"
      }
    }
  },
  "property_share_msg": "Hey, bu ilanı  buradan kontrol edin: {title} {url}",
  "@property_share_msg": {
    "description": "Msg share",
    "placeholders": {
      "title": {
        "type": "String"
      },
      "url": {
        "type": "String"
      }
    }
  },

  "select_agent": "Lütfen listeden danışman seçin",
  "select_agency": "Lütfen listeden emlak ofisi seçiniz",
  "search_in_this_area": "Bu alanda ara",
  "log_in_google": "Google ile giriş yap",
  "log_in_facebook": "Facebook ile giriş",
  "log_in_apple": "Apple ile giriş yapın",
  "log_in_phone": "Telefonla Devam Et",


  "draft_properties_exit_menu_title_text": "Bu ilanı  taslak olarak kaydet?",
  "draft_properties_exit_menu_subtitle_text": "Şimdi atarsanız, bu ilanı kaybedersiniz.",
  "draft_properties_exit_menu_option_save": "Taslağı kaydet",
  "draft_properties_exit_menu_option_discard": "İlanı  Sil",
  "draft_properties_exit_menu_option_keep_editing": "Düzenlemeye Devam Et",
  "draft_properties_toast_error_text": "Lütfen Mülk Başlığını Girin",
  "draft_properties": "Taslak İlanlar",
  "draft_properties_no_result_found_header_message": "Taslak Bulunamadı",
  "draft_properties_no_result_found_body_message": "Herhangi bir taslak eklemediniz",
  "draft_properties_your_draft_is_saved": "Taslağınız kaydedildi!",

  "whatsapp_hello_i_am_interested_in": "Merhaba, {title} {url} ile ilgileniyorum}",
  "@whatsapp_hello_i_am_interested_in": {
    "description": "Interested in property msg",
    "placeholders": {
      "title": {
        "type": "String"
      },
      "url": {
        "type": "String"
      }
    }
  },
  "radius_km": "Yarıçap{km} km",
  "@radius_km": {
    "description": "Radius",
    "placeholders": {
      "km": {
        "type": "String"
      }
    }
  },
  "password_does_not_match" : "Parola eşleşmiyor",
  "multi_units" : "Çoklu Birimler",

  "change_password" : "Şifre değiştir",
  "delete_account" : "Hesabı sil",
  "update_password" : "Şifreyi güncelle",
  "delete_my_account" : "Hesabımı sil",
  "delete_account_confirmation" : "Hesabınızı silmek istediğinizden emin misiniz?",
  "manage_profile" : "Profili Yönet",

  "value": "Değer",
  "additional_feature_title_hint": "Örn: Ekipman",
  "additional_feature_value_hint": "Izgara - Gaz",
  "enter_user_type": "Kullanıcı Türünü Girin (alıcı, acente vb.))",
  "please_enter_keyword" : "Lütfen Anahtar Kelimeyi Girin",

  "open_in_map" : "Haritada Aç",
  "message_already_sent" : "Bu ilan için zaten bir mesaj gönderdiniz.",


  "add_request_property": "İlan  İste",
  "request_property": "İlan İste",

  "selected": "Seçildi",

  "multi_select_drop_down_item_selected": "{count} öğe seçildi",
  "@multi_select_drop_down_item_selected": {
    "description": "MultiSelect DropDown Selected Items",
    "placeholders": {
      "count": {
        "type": "String"
      }
    }
  },

  "region" : "Bölge",

  "no" : "Numara",


  "Home" : "Ana Sayfa",
  "Home 01" : "Ana Sayfa 01",
  "Home 02" : "Ana Sayfa 02",
  "Home 03" : "Ana Sayfa 03",
  "Home Carousel" : "Ana Sayfa Carousel",
  "Home Elegant" : "Ana Sayfa Elegant",
  "Home Location" : "Ana Sayfa Location",
  "Home Tabbed" : "Ana Sayfa Tabbed",
  "Add Property" : "İlan Ekle",
  "Quick Add Property" : "Hızlı İlan Ekle",
  "Properties" : "İlanlar",
  "Agents" : "Danışmanlar",
  "Agencies" : "Emlak Ofisleri",
  "Property Request" : "İlan Talebi",
  "Favorites" : "Favoriler",
  "Saved Searches" : "Kaydedilmiş Aramalar",
  "CRM Dashboard" : "CRM Panel",
  "Activities" : "Aktiviteler",
  "Inquiries" : "Araştırma",
  "Deals" : "Fırsatlar",
  "Leads" : "Müşteri adayları",
  "Settings" : "Ayarlar",
  "Request Demo" : "Demo İste",
  "Login" : "Giriş",
  "Log Out" : "Çıkış Yap",

  "search_property_id" : "İlan ve kimlik ara",
  "Top agency rate" : "En yüksek emlak ofisi oranı",
  "Top agent rate" : "En yüksek danışman oranı",
  "Recently added" : "Son eklenen",
  "Projects & Towers" : "Projeler ve Kuleler",

  "advertising" : "reklam",
  "real_estate_agency" : "Emlâk ofisi",
  "List of properties" : "İlan listesi",
  "Beds" : "Yatak",

  "Listing IDs" : "İlan kimlikleri",
  "Listing IDs Hint" : "Virgülle ayırarak ilan tanımlayıcılarını girin",
  "OR": "ya da",
  "Listing IDs Additional Hint": "Örneğin 4,5,6",

  "Select Properties" : "İlanları Seçin",
  "category" : "Kategori",
  "add_new_agent" : "Yeni Danışman Ekle",
  "My Agents" : "Danışmanlarım",
  "send_email_new_user" : "Yeni kullanıcıya hesabıyla ilgili bir e-posta gönderin.",

  "edit_agent" : "Danışmanı Düzenle",

  "text" : "Metin",
  "photo" : "Fotoğraf",
  "add_story" : "Hikaye Ekle",
  "enter_text_here" : "Yazıyı buraya girin",
  "enter_the_title" : "Başlık girin",
  "select_video" : "Videoyu seç",
  "see_all": "See All",
  "refresh": "Yenile",

  "author": "Yazar",
  "view_floor_plan": "Kat Planını Görüntüle>",
  "current_location": "Mevcut konum",

  "Hello" : "Merhaba",
  "What are you looking for?": "Ne arıyorsun?",

  "showing_sorted_results": "'{sort_item}' sonuçları gösteriliyor",
  "@showing_sorted_results": {
    "description": "sort item",
    "placeholders": {
      "sort_item": {
        "type": "String"
      }
    }
  },

  "edit_deal": "Anlaşmayı düzenle",
  "view_sub_listing": "Alt İlanı Görüntüle>",
  "add_user": "Kullanıcı Ekle",
  "send_otp": "OTP gönder",
  "otp_sent": "OTP numaranıza gönderildi",
  "otp_verification": "OTP Doğrulaması",
  "search_property" : "Mülk Ara"
}