{
  "First Price": "پہلی قیمت",
  "Second Price": "دوسری قیمت",
  "Property Status": "پراپرٹی سٹیٹس",
  "Property Unique ID": "پراپرٹی منفرد آئی ڈی",
  "Pool Size": "پول کا سائز",
  "Deposit": "جمع",
  "Last remodel year": "آخری دوبارہ بنانے کا سال",
  "Amenities": "سہولیات",
  "Additional Rooms:": "اضافی کمرے",
  "Equipment": "سامان",
  "Air Conditioning": "ایئر کنڈیشنگ",
  "Microwave" : "مائیکرو ویو",
  "Broadband": "براڈ بینڈ",
  "Intercom": "انٹرکام",
  "Pay Tv": "پے ٹی وی",
  "Pool": "پول",
  "Security System": "سیکیورٹی سسٹم",
  "Swimming Pool": "سوئمنگ پول",
  "TV Cable": "ٹی وی کیبل",
  "WiFi": "وائی فائی",
  "Gym": "جم",
  "First Floor": "پہلی منزل",
  "Second Floor": "دوسری منزل",
  "Barbeque": "باربیکیو",
  "Dryer": "ڈرائر",
  "Laundry": "لانڈری",
  "Lawn": "لان",
  "Outdoor Shower": "آؤٹ ڈور شاور",
  "Refrigerator": "ریفریجریٹر",
  "Sauna": "سونا",
  "Washer": "واشر",
  "Window Coverings": "ونڈو کورنگ",
  "Price": "قیمت",
  "Property ID": "پراپرٹی آئی ڈی",
  "Property Type": "قسم پراپرٹی",
  "Bedrooms": "بیڈ رومز",
  "Bathrooms": "باتھ رومز",
  "Garage Size": "گیراج کی پیمائش",
  "Garage": "گیراج",
  "Year Built": "سال تعمیر",
  "Property Size": "پراپرٹی کی پیمائش",

  "Apartment": "اپارٹمنٹ",
  "Commercial": "کمرشل",
  "Condo": "کونڈو",
  "Multi Family Home": "ملٹی فیملی ہوم",
  "Office": "دفتر",
  "Residential": "رہائشی",
  "Shop": "دکان",
  "Single Family Home": "سنگل فیملی ہوم",
  "Studio": "اسٹوڈیو",
  "Villa": "ولا",



  "Hot Offer": "ہاٹ آفر",
  "Open House": "اوپن ہاؤس",
  "Sold": "فروخت",

  "Buy": "خرید",
  "For Rent": "برائے کرایہ",
  "For Sale": "برائے فروخت",
  "Foreclosures": "فورکلویر",
  "New Construction": "نئی تعمیر",
  "New Listing": "نئی لسٹنگ",
  "Reduced Price": "کم قیمت",
  "Resale": "ری سیل",
  "Resale01": "دوبارہ فروخت",

  "Grid": "گرڈ",
  "List": "فہرست",
  "Map": "نقشہ",
  "Filter": "فلٹر",
  "Sort": "ترتیب دیں",
  "Save": "محفوظ کریں",
  "Save Search": "تلاش کو محفوظ کریں",

  "Newest": "تازہ ترین",
  "Oldest": "پرانا",
  "Price (low to high)": "قیمت (کم سے زیادہ)",
  "Price (high to low)": "قیمت (زیادہ سے کم)",

  "Featured Properties": "نمایاں پراپرٹیز",
  "Latest Properties": "تازہ ترین پراپرٹیز",
  "in_": "میں",
  "Explore Cities": "شہروں میں تلاش",
  "Explore By Type": "قسم کے لحاظ سے تلاش",
  "Meet Our Agents": "ہمارے ایجنٹس سے ملیں",
  "Meet Our Agencies": "ہماری ایجنسیوں سے ملیں",
  "Recent Searches": "حالیہ تلاشیں",

  "I want to": "میں دیکھنا چاہتا ہوں",
  "Property Types": "پراپرٹی کی اقسام",
  "Area range": "رقبہ کی حد",
  "Price range": "قیمت کی حد",
  "Latest properties in": "میں تازہ ترین پراپرٹیز",
  "All": "تمام",

  "In Person": "بالمشافہ",
  "Video Chat": "ویڈیو کال",

  "I am a Buyer": "میں خریدار ہوں",
  "I am a Tenant": "میں کرایہ دار ہوں",
  "I am a Agent": "میں ایجنٹ ہوں",
  "Others": "دیگر",

  "Keyword": "مطلوبہ الفاظ",








  "language": "اردو",
  "helloWorld": "!ہیلو دنیا",
  "hello": "{username} ہیلو",
  "search": "تلاش کریں",
  "location": "مقام",
  "please_select": "منتخب کریں",
  "buy": "خریدنے کیلے",
  "rent": "کرایہ کے لئے",
  "featured_properties": "نمایاں پراپرٹیز",
  "latest_properties": "تازہ ترین پراپرٹیز",
  "latest_properties_in_city": "{city_name} میں تازہ ترین پراپرٹیز",
  "explore_cities": "شہروں میں تلاش",
  "explore_by_type": "قسم کے لحاظ سے تلاش",
  "meet_our_real_estate_agents": "ہمارے رئیل اسٹیٹ ایجنٹس سے ملیں",
  "meet_our_real_estate_agencies": "ہماری رئیل اسٹیٹ ایجنسیوں سے ملیں",
  "quick_add_property": "پراپرٹی اندراج (تیز)",
  "property_title": "پراپرٹی عنوان",
  "property_title_cannot_be_empty": "!پراپرٹی عنوان خالی نہیں ہو سکتا",
  "enter_your_property_title": "اپنی پراپرٹی کا عنوان درج کریں۔",
  "content": "تفصیل",
  "property_description_cannot_be_empty": "!پراپرٹی کی تفصیل خالی نہیں ہو سکتی",
  "description": "تفصیل",
  "Description": "تفصیل",
  "sale_or_rent_price": "فروخت یا کرایہ کی قیمت",
  "enter_the_price": "قیمت درج کریں۔",
  "price_field_cannot_be_empty": "قیمت خالی نہیں ہو سکتی!",
  "area_size": "رقبہ پیمائش",
  "area_size_cannot_be_empty": "رقبہ پیمائش خالی نہیں ہو سکتی!",
  "enter_area_size": "رقبہ پیمائش درج کریں۔",
  "only_digits": "صرف ہندسے",
  "size_postfix": "سائز لاحقہ",
  "area_size_postfix_cannot_be_empty": "رقبہ پیمائش لاحقہ فیلڈ خالی نہیں ہو سکتا",
  "enter_size_postfix": "پیمائش لاحقہ درج کریں۔",
  "for_example_Sq_Ft": "مثلا: مربع فٹ",
  "bedrooms": "بیڈ رومز",
  "bathrooms": "باتھ رومز",
  "select_and_upload": "منتخب کریں اور اپ لوڈ کریں",
  "upload_media": "میڈیا اپ لوڈ کریں",
  "click_on_the_star_icon_to_select_the_cover_image": "کور کی تصویر کو منتخب کرنے کے لیے اسٹار آئیکن پر کلک کریں۔",
  "you_have_reached_the_limit": "آپ حد کو پہنچ گئے ہیں",
  "agreement_upload_property": "میں اپنی بھیجی گئی معلومات کو اس ویب سائٹ کو محفوظ کرنے کے لیے رکھنے کی اجازت دیتا ہوں، ذیل میں مزید معلومات پڑھیں:",
  "please_accept_terms_text": "برائے مہربانی شرائط و ضوابط کو تسلیم کریں",
  "add_property": "پراپرٹی اندراج",
  "your_property_is_being_uploaded": "آپ کی پراپرٹی بھیجی جا رہی ہے",
  "you_are_not_logged_in": "آپ اس پراپرٹی کو شامل کرنے کے لیے لاگ ان نہیں ہیں!\nآپ کی پراپرٹی لاگ ان کے بعد اپ لوڈ ہو جائے گی۔",
  "login": "لاگ ان کریں",
  "activities": "سرگرمیاں",
  "leads": "لیڈز",
  "last_24_hours": "پچھلے 24 گھنٹے",
  "last_7_days": "آخری 7 دن",
  "last_30_days": "آخری 30 دن",
  "deals": "ڈیل",
  "active": "فعال",
  "won": "جیتی گئی",
  "lost": "کھوئی گئی",
  "new_lead": "نئی لیڈ",
  "from": " سے ",
  "name": "نام",
  "email": "ای میل",
  "phone": "فون",
  "type": "قسم",
  "setting_and_privacy": "ترتیبات اور رازداری",
  "demo_configuration": "ڈیمو کنفیگریشن",
  "enter_your_own_wordpress": "اس ایپ کے ساتھ ٹیسٹ کرنے کے لیے اپنی ورڈپریس ویب سائٹ کا URL درج کریں۔ (Houzi موبائل API پلگ ان درکار ہے)",
  "enter_your_wordpress_url": "ورڈپریس URL درج کریں۔",
  "cancel": "منسوخ",
  "save": "محفوظ",
  "this_app_requires_plugin": "اس ایپ کو ایک پلگ ان کی ضرورت ہے جسے آپ کو اپنے Houzez ورڈپریس پر انسٹال کرنے کی ضرورت ہے۔ مطلوبہ پلگ ان موجود نہیں ہے ہے، برائے کرم درج ذیل لنک سے انسٹال کریں۔",
  "ok": "ٹھیک ہے",
  "item_theme_design": "آئٹم تھیم ڈیزائن",
  "customise_your_item_theme_design": "اپنے نتائج کے ڈیزائن کا انتخاب کریں۔",
  "explore_by_type_theme_design": "قسم کے لحاظ سے تلاش کے آئٹم کے ڈیزائن کا انتخاب",
  "preference": "ترجیحات",
  "customise_your_experience_on_app": "{.} پر اپنے تجربے کو حسب ضرورت بنائیں۔",
  "dark_mode": "ڈارک موڈ",
  "community_standards_and_legal_policies": "کمیونٹی کے معیارات اور قانونی پالیسیاں",
  "terms_and_conditions": "شرائط و ضوابط",
  "privacy_policy": "رازداری کی پالیسی",
  "about": "تعارف",
  "item_design_is_successfully_updated": "آئٹم ڈیزائن کامیابی کے ساتھ اپ ڈیٹ ہو گیا ہے۔",
  "explore_by_type_is_successfully_updated": "ایکسپلور بائی ٹائپ تھیم ڈیزائن کامیابی کے ساتھ اپ ڈیٹ ہو گیا ہے۔",
  "edit": "ترمیم",
  "delete": "حذف کریں۔",
  "action": "عمل",
  "inquiries": "انکوائیریز",
  "inquiry_detail": "انکوائری کی تفصیل",
  "id": "ID",
  "contact": "رابطہ",
  "listing_type": "لسٹ کی قسم",
  "price": "قیمت",
  "built_up": "تعمیر شدہ",
  "property_type": "قسم پراپرٹی",
  "message": "پیغام",
  "matching_list": "مماثل فہرست",
  "view": "دیکھیں",
  "inquiry_delete_successfully": "انکوائری حزف ہوگئی",
  "error_occurred": "ایرر ہوا",
  "inquiry_form": "انکوائری فارم",
  "enter_the_deal_title": "ڈیل کا عنوان لکھیں",
  "this_field_cannot_be_empty": "یہ فیلڈ خالی نہیں ہو سکتی",
  "information": "معلومات",
  "select": "انتخاب",
  "address": "پتہ",
  "Address": "پتہ",
  "country": "ملک",
  "enter_the_country": "ملک لکھیں",
  "states": "ریاست",
  "enter_the_states": "ریاست لکھیں",
  "city": "شہر",
  "enter_the_city": "شہر لکھیں",
  "area": "علاقہ",
  "enter_the_area": "علاقہ لکھیں",
  "zip_code": "زپ کوڈ",
  "enter_the_zip_code": "زپ کوڈ لکھیں",
  "private_note": "ذاتی نوٹ",
  "added_successfully": "اندراج مکمل ہوا",
  "submit": "بھیجیں",
  "max_price": "زیادہ سے زیادہ قیمیت",
  "enter_the_max_price": "زیادہ سے زیادہ قیمت لکھیں",
  "minimum_size": "کم سے کم پیمائش",
  "enter_the_min_size": "کم سے کم پیمائش لکھیں (مربع فٹ)",
  "contact_name": "رابطے کی معلومات",
  "agent": "ایجنٹ",
  "no_result_found": "کوئی نتیجہ نہیں ملا",
  "oops_activities_not_exist": "معذرت! کوئی ایکٹویٹی دستیاب نہیں ہے۔",
  "oops_inquiries_not_exist": "معذرت! کوئی انکوائری دستیاب نہیں ہے۔",
  "oops_deals_not_exist": "معذرت! کوئی ڈیل دستیاب نہیں ہے۔",
  "oops_leads_not_exist": "معذرت! کوئی لیڈ دستیاب نہیں ہے۔",
  "go_back": "پیچھے جائیں",
  "add_new_deal": "نئی ڈیل شامل کریں",
  "title": "عنوان",
  "deal_value": "ڈیل کی قیمت",
  "enter_the_deal_value": "ڈیل کی قیمت لکھیں",
  "group": "گروپ",
  "deal_has_been_added": "ڈیل شامل ہو گئی",
  "lead_form": "لیڈ فارم",
  "first_name": "پہلا نام",
  "last_name": "آخری نام",
  "enter_first_name": "پہلا نام لکھیں",
  "enter_last_name": "آخری نام لکھیں",
  "enter_email_address": "ای میل لکھیں",
  "enter_mobile_address": "موبائل نمبر لکھیں",
  "enter_home_number": "گھر کا نمبر لکھیں",
  "enter_work_number": "دفتری نمبر لکھیں",
  "enter_the_address": "پتہ لکھیں",
  "mobile": "موبائل",
  "home_number": "گھر کا نمبر",
  "work_number": "دفتری نمبر",
  "source": "ماخز",
  "social": "سوشل",
  "facebook": "فیس بک",
  "twitter": "ٹویٹر",
  "linkedIn": "لنکڈان",
  "instagram": "انسٹاگرام",
  "youtube": "Youtube",
  "pinterest": "Pinterest",
  "vimeo": "Vimeo",
  "skype": "Skype",
  "website": "Website",
  "enter_facebook_profile_url": "فیس بک پروفائل یو آر ایل درج کریں",
  "enter_twitter_profile_url": "ٹویٹر پروفائل یو آر ایل درج کریں",
  "enter_linkedIn_profile_url": "لنکڈ ان پروفائل یو آر ایل درج کریں",
  "enter_instagram_profile_url": "انسٹاگرام ان پروفائل یو آر ایل درج کریں",
  "inquiry_type": "انکوائری کی قسم",
  "deal_detail": "ڈیل کی تفصیل",
  "deal_deleted": "ڈیل حذف کر دی گئی",
  "last_contact_date": "آخری رابطے کی تاریخ",
  "action_due_date": "اگلی کاروائی کی تاریخ",
  "next_action": "اگلی کاروئی",
  "status": "سٹیٹس",
  "all_properties": "تمام پراپرٹیز",
  "admin": "منتظم",
  "properties": "پراپرٹیز",
  "properties_by_user": "صارف کی پراپرٹیز",
  "delete_property": "پراپرٹی ختم کریں",
  "put_on_hold": "انتظار میں رکھیں",
  "publish_property": "پراپرٹی شائع کریں",
  "no_properties_error_message_search_by_id": "معذرت! اس آئی ڈی کے مقابل کوئی پراپرٹی موجود نہیں ہے۔ کوئی اور آئی ڈی استعمال کریں۔",
  "no_properties_error_message_filter_page_search": "معذرت! اس تلاش کا کوئی نتیجہ نہیں ہے، اپنی تلاش میں تبدیلی کرکے پھر سے کوشش کریں",
  "no_properties_error_message": "اس صارف نے ابھی کوئی پراپرٹی درج نہیں کی ہے۔",
  "no_recent_properties_error_message": "اس صارف نے ابھی کوئی پراپرٹی تلاش نہیں کی ہے۔",
  "select_location": "مقام منتخب کریں",
  "filters": "مقطر",
  "price_range": "قیمت کی حد",
  "change_currency": "کرنسی تبدیل کریں",
  "area_range": "رقبہ کی حد",
  "change_area_unit": "رقبہ کا یونٹ تبدیل کریں",
  "i_want_to": "میں دیکھنا چاہتا ہوں",
  "reset": "دوبارہ ترتیب",
  "enquire_information": "معلومات پوچھیں",
  "hello_i_am_interested_in": "آداب، مجھے دلچسپی ہے: {title} {url} {perma_link}",
  "email_capital": "ای میل",
  "call_capital": "کال",
  "share_the_news": "خبر بھیجیں: ",
  "details": "تفصیلات",
  "Details": "تفصیلات",
  "additional_details": "اضافی تفصیلات",
  "less_details": "کم تفصیلات",
  "more_details": "مزید تفصیلات",
  "features": "خصوصیات",
  "Features": "خصوصیات",
  "read_less": "کم پرھیں",
  "read_more": "مزید پڑھیں",
  "floor_plans": "فلورپلان",
  "FloorPlans": "فلورپلان",
  "contact_information": "رابطے کی معلومات",
  "Contact Information": "رابطے کی معلومات",
  "enquire_info": "معلومات پوچھیں",
  "setup_tour": "دورہ ترتیب دیں",
  "watch_video": "ویڈیو دیکھیں",
  "virtual_tour_capital": "ورچوئل دورہ",
  "related_properties": "متعلقہ پراپرٹیز",
  "Related Properties": "متعلقہ پراپرٹیز",
  "message_sent_successfully": "پیغام بھیج دیا گیا",
  "tour_scheduled_successfully": "دورہ طے پاگیا",
  "message_failed_to_send": "پیغام نہ بھیجا جا سکا",
  "tour_failed_to_scheduled": "دورہ طے نہ پا سکا",
  "please_wait_data_is_loading": "برائے کرم انتظار، معلومات کی ترسیل ہو رہی ہے۔",
  "realtor_info": "رئیلٹر کی معلومات",
  "agent_rating": "ایجنٹ کی درجہ بندی",
  "license": "لائیسنس: ",
  "tax_number": "ٹیکس نمبر: ",
  "service_areas": "خدمات کا علاقہ:",
  "specialties": "مہارت: ",
  "listings": "فہرست",
  "agency": "ایجنسی",
  "agents": "ایجنٹ",
  "office": "دفتر: ",
  "mobile_with_colon": "موبائل: ",
  "fax_with_colon": "فیکس: ",
  "email_with_colon": "ای میل: ",
  "realtor_message": "آداب {user_name}! میں نے {app_name} پر آپ کی پروفائل دیکھی، مجھے آپ کی خدمات درکار ہیں {perma_link}",
  "hi": "آداب",
  "send_email": "ای میں بھیجیں",
  "call": "کال",
  "more": "مزید",
  "sort_by": "ترتیب",
  "searching": "تلاش جاری ہے۔۔۔",
  "results": "نتائج",
  "Results": "نتائج",
  "help": "مدد",
  "your_name": "آپ کا نام",
  "enter_your_name": "اپنا نام لکھیں",
  "enter_your_phone_number": "اپنا فون نمبر لکھیں",
  "enter_your_msg": "اپنا پیغام لکھیں",
  "by_submitting_this_form_i_agree": "اس فارم کی ترسیل پر میں تسلیم کرتا ہوں",
  "to_the": "تمام",
  "terms_of_use": "استعمال کی شرائط",
  "term_and_agreement_message": "اس فارم کی ترسیل پر میں تمام {terms_of_use} تسلیم کرتا ہوں۔",
  "please_accept_terms_of_use": "برائے مہربانی، استعمال کی شرائط کو تسلیم کریں",
  "forgot_password": "پاسورڈ بھول گیا",
  "enter_the_email_address_or_user_name": "اپنا ای میل یا یوزر نیم لکھیں",
  "user_name_email": "یوزر نیم/ای میل",
  "enter_your_user_name_or_email_address": "اپنا ای میل یا یوزر نیم لکھیں",
  "confirmation_message_sent_to_your_email": "آپ کے ای میل پر تصدیقی پیغام بھیجا گیا۔",
  "invalid_username": "غلط یوزر نیم",
  "user_profile": "صارف پروفائل",
  "user_Login_successfully": "لاگ ان کامیابی کے ساتھ ہوگیا",
  "user_login_failed": "لاگ ان نہ ہو سکا",
  "forgot_password_with_question_mark": "پاسورڈ بھول گیا؟",
  "sign_up_capital": "اندراج کریں",
  "do_not_have_an_account": "کیا آپ کا اکاؤنٹ نہیں ہے؟",
  "enter_your_password": "اپنا پاسورڈ لکھیں",
  "password": "پاسورڈ",
  "login_capital": "لاگ ان",
  "already_have_an_account": "پہلے سے اکاؤنٹ ہے؟",
  "sign_up": "اندراج کریں",
  "user_already_registered": "صارف کا پہلے سے اندراج موجود ہے",
  "user_sign_up_successfully": "صارف کا اندراج ہو گیا",
  "i_accept_terms": "میں شرائط تسلیم کرتا ہوں",
  "select_your_account_type": "اپنے اکاؤنٹ کی قسم منتخب کریں۔",
  "confirm_your_password": "اپنا پاس ورڈ دوبارہ لکھیں",
  "confirm_password": "دوبارہ پاسورڈ",
  "enter_your_email_address": "اپنا ای میل لکھیں",
  "enter_your_user_name": "اپنا یوزر نیم لکھیں",
  "user_name": "یوزر نیم",
  "gdpr_agreement": "جی ڈی پی آر معاہدہ",
  "i_consent_to_having_this_website_to_store_my_submitted_information_read_more_information": "میں ویب سائٹ کو اپنی ارسال کردہ معلومات محفوظ کرنے کی اجازت دیتا ہوں۔ مزید معلومات:",
  "property_information": "پراپرٹی کی معلومات",
  "i_am_a": "میں ہوں",
  "email_address": "ای میل ایڈریس",
  "your_message": "آپ کا پیغام",
  "contact_us": "رابطہ کریں",
  "back": "پیچھے",
  "upload_at_least_one_image": "برائے مہربانی، کم از کم ایک فوٹو شامل کریں",
  "next": "آگے",
  "please_accept_the_gdpr_agreement": "برائے مہربانی جی ڈی پی آر معاہدہ کو تسلیم کریں",
  "map": "نقشہ",
  "drag_and_drop_the_pin_on_map_to_find_exact_location": "اپنی مطلوبہ جگہ کو تلاش کرنے کے لئے پن کو پکڑ کر نقشے پر رکھیں",
  "add_property_map_additional_hint" : "اپنی مطلوبہ جگہ کو منتخب کرنے کے لیے نقشہ پر ٹیپ کریں",
  "latitude": "طول بلد",
  "longitude": "عرض بلد",
  "enter_address_longitude": "پتے کا عرض بلد لکھیں",
  "enter_address_latitude": "پتے کا طول بلد لکھیں",
  "address_star": "پتہ *",
  "enter_your_property_address": "اپنی پراپرٹی کا پتہ لکھیں",
  "what_information_do_you_want_to_display_in_agent_data_container": "ایجنٹ کی معلومات والے خانے میں آپ کیا معلومات دکھانا چاہتے ہیں؟",
  "add_new": "نیا شامل کریں",
  "enter_year_built": "تعمیر کا سال لکھیں",
  "year_built": "سال تعمیر",
  "for_example_hz_01": "مثلا : HZ-01",
  "enter_property_id": "پراپرٹی آئی ڈی لکھیں",
  "property_id": "پراپرٹی آئی ڈی",
  "enter_garage_size": "گیراج کی پیمائش لکھیں",
  "garage_size": "گیراج کی پیمائش",
  "number_of_garages": "گیراج کی تعداد",
  "garages": "گیراج",
  "enter_land_area": "رقبے کی پیمائش لکھیں",
  "land_area": "رقبے کی پیمائش",
  "minimum_size_800_600_px": "(کم سے کم سائز 800x600 px)",
  "select_image": "فوٹو منتخب",
  "plan_image": "پلان کا فوٹو",
  "enter_the_plan_description": "پلان کی تفصیل",
  "enter_the_plan_size": "پلان کی پیمائش لکھیں",
  "plan_size": "پلان کی پیمائش",
  "enter_price_postfix": "قیمت کا لاحقہ لکھیں",
  "price_postfix": "قیمت کا لاحقہ",
  "enter_the_plan_title": "پلان کا عنوان لکھیں",
  "plan_title": "پلان کا عنوان",
  "enter_the_second_price": "دوسری قیمت لکھیں",
  "second_price_optional": "دوسری قیمت (اختیاری)",
  "for_example_monthly": "مثلا: ماہانہ",
  "enter_the_after_price": "قیمت کا لاحقہ",
  "after_the_price": "قیمت کا لاحقہ",
  "for_example_start_from": "مثلا: شروع ہوتا ہے",
  "enter_the_price_prefix": "قیمت کا سابقہ لکھیں",
  "price_prefix": "قیمت کا سابقہ",
  "label": "لیبل",
  "for_example": "مثلا: ",
  "youtube_vimeo_swf_file_and_mov_file_are_supported": "Youtube, Vimeo, SWF File اور MOV File کی سپورٹ موجود ہے",
  "video_url": "ویڈیو URL",
  "video": "ویڈیو",
  "media": "میڈیا",
  "fifty_files": "/50 فائلز",
  "write_private_note_for_this_property_it_will_not_display_for_public": "اس پراپرٹی کے بارے میں ذاتی نوٹ لکھیں، یہ صرف آپ تک محدود رہے گا۔",
  "enter_the_note_here": "یہاں نوٹ لکھیں",
  "property_settings": "پراپرٹی کی ترتیبات",
  "do_you_want_to_mark_this_property_as_featured": "کیا آپ اس پراپرٹی کو بطور خاص نشان زد کرنا چاہتے ہیں؟",
  "the_user_must_be_logged_in_to_view_this_property": "اس پراپرٹی کو دیکھنے کے لیے صارف کا لاگ ان ہونا ضروری ہے؟",
  "disclaimer": "دستبرداری",
  "sub_listings": "ذیلی فہرستیں",
  "Sub Listings": "ذیلی فہرستیں",
  "enter_the_date": "تاریخ درج کریں",
  "availability_date": "دستیابی کی تاریخ",
  "enter_property_type": "پراپرٹی کی قسم درج کریں",
  "property_size": "پراپرٹی کی پیمائش",
  "virtual_tour": "360° ورچوئل دورہ",
  "enter_virtual_tour_iframe_embedded_code": "ورچوئل ٹور کا iframe/embedded code درج کریں",
  "dark_mode_settings": "ڈارک موڈ کی ترتیب",
  "use_system_settings": "سسٹم سیٹنگ سے منسلکہ",
  "we_ll_adjust_your_appearance_based_on_your_device_system_settings": "آپ کے سسٹم کی ترتیبات کی بنیاد پر ڈارک موڈ کو ایڈجسٹ کیا جائے گا۔",
  "off": "ڈارک موڈ بند کریں",
  "on": "ڈارک موڈ لاگو کریں",
  "no_image_found": "کوئی فوٹو نہیں ملا",
  "no_plan_available": "کوئی فلور پلان دستیاب نہیں ہے۔",
  "schedule_a_tour": "دورہ ترتیب دیں",
  "tour_type": "دورہ کی قسم",
  "date": "تاریخ",
  "select_tour_date": "دورہ کی تاریخ منتخب کریں۔",
  "select_tour_time": "دورہ کا وقت منتخب کریں۔",
  "your_information": "آپ کی معلومات",
  "tour_information": "دورہ کی معلومات",
  "time": "وقت",
  "wordpress_url_optional": "ویب سائٹ ایڈریس (اختیاری)",
  "enter_wordpress_url": "ویب سائٹ ایڈریس درج کریں",
  "web_example": "مثلا http://booleanbites.com",
  "home": "سرورق",
  "dashboard": "سی آر ایم ڈیش بورڈ",
  "settings": "ترتیبات",
  "request_demo": "رابطہ کریں",
  "log_out": "لاگ آوٹ",
  "please_enter_a_complete_url": "برائے مہربانی پورے url کا اندراج کریں",
  "are_you_sure_you_want_to_log_out": "کیا آپ واقعی لاگ آوٹ کرنا چاہتے ہیں",
  "yes": "جی ہاں",
  "i_accept": "میں تسلیم کرتا ہوں",
  "add_new_lead": "لیڈ شامل کریں",
  "add_new_inquiry": "انکوائری شامل کریں",
  "add_to_fav": "پسندیدہ میں شامل ہوا",
  "remove_from_fav": "پسندیدہ سے حزف ہوا۔",
  "data_loading": "برائے مہربانی انتظار کیجیئے۔",
  "property_uploaded": "پراپرٹی بھیج دی گئی",
  "view_property": "دیکھیں",
  "search_by_property_id": "پراپرٹی آئی ڈی سے تلاش",
  "go": "جائیں",
  "recent_searches": "حالیہ تلاشیں",
  "lead_deleted": "لیڈ حذف کی گئی",
  "favorites": "پسندیدہ",
  "delete_confirmation": "کیا آپ واقعی حذف کرنا چاہتے ہیں؟",
  "featured_tag": "نمایاں",
  "Featured": "نمایاں",
  "title_property_types": "پراپرٹی کی اقسام",
  "done": "ہو گیا",
  "zero": "0",
  "to": "سے",
  "any": "کوئی",
  "quick_edit": "فوری ترمیم",
  "search_saved_successfully": "تلاش کامیابی سے محفوظ ہو گئی۔",
  "you_must_login": "آپ کو لازمی لاگ ان ہونا چاہیئے",
  "before_saving_search": " سرچ محفوظ کرنے سے پہلے",
  "before_adding_to_favorites": " پسندیدہ میں شامل کرنے سے پہلے۔",
  "saved_searches": "محفوظ شدہ تلاشیں",
  "removed_from_saved_searches": "مفوظ شدہ تلاشوں سے حذف کر دیا گیا",
  "show_less": "کم دیکھیں",
  "show_more": "مزید دیکھیں",
  "delete_lead": "لیڈ حذف کریں",
  "delete_inquiry": "انکوائری حذف کریں",
  "delete_deal": "ڈیل حذف کریں",
  "uploading_image": "فوٹو بھیجے جا رہے ہیں",
  "press_again_to_exit": "باہر نکلنے کے لیے دوبارہ دبائیں",
  "locations_text": "مقامات",
  "leave_a_review": "رائے لکھیں",
  "enter_a_title": "عنوان دیں",
  "write_a_review": "رائے لکھیں",
  "review": "رائے",
  "at_least_give_one_star": "کم از کم ایک ستارہ لازمی دیں",
  "before_leaving_a_review": " رائے دینے سے پہلے",
  "reviews": "آراٴ",
  "Reviews": "آراٴ",
  "see_more": "مزید دیکھیں",
  "tell_others_what_you_think": "اپنی رائے دوسروں تک پہنچائیں",
  "give_a_review": "رائے دیں",
  "retry": "دوبارہ کوشش کریں",
  "no_internet_connection": "انٹرنیٹ دستیاب نہیں ہے",
  "no_internet_connection_retry_again_message": "انٹرنیٹ رابطے میں مسئلہ تھا، دوبارہ کوشش کریں",
  "saved": "محفوظ شدہ",
  "no_internet_connection_error_message_01": "انٹرنیٹ دستیاب نہیں ہے",
  "no_internet_connection_body_error_message": "انٹرنیٹ رابطے میں مسئلہ تھا، دوبارہ کوشش کریں",
  "profile": "پروفائل",
  "no_internet_connection_error_message_02": "اپنا انٹرنیٹ چیک کریں، اور دوبارہ کوشش کریں",
  "refine_search_text": "تلاش کو بہتر کریں",
  "received_a_new_rating_from": "نئی درجہ بندی ملی ہے",
  "enter_the_email": "ای میل لکھیں",
  "title_position": "عہدہ",
  "whatsApp": "وٹس ایپ",
  "fax_number": "فیکس نمبر",
  "company_name": "کمپنی کا نام",
  "about_me": "میرے بارے میں",
  "upload_photo": "فوٹو ارسال کریں",
  "language_label" : "زبان",
  "profile_updated_successfully": "پروفائل میں کامیابی کے ساتھ ترمیم ہو گئی۔",
  "display_name": "ڈسپلے کا نام",
  "choose_location": "مقام منتخب کریں",
  "select_city": "شہر منتخب کریں",
  "edit_profile": "پروفائل ",
  "update_profile": "ترمیم کریں",
  "view_result": "نتائج دیکھیں",
  "oops_saved_search_not_exist": "معذرت! آپ نے کوئی تلاش محفوظ نہیں کی ہے۔",
  "minimum_image_size_text": "فوٹو کم از کم",
  "minimum_image_width_text": "فوٹو کی کم سے کم چوڑائی",
  "minimum_image_height_text": "فوٹو کی کم سے کم لمبائی",
  "portraits_are_not_allowed_text": "پورٹریٹ فوٹوز کی اجازت نہیں ہے",
  "version_text": "ورژن",
  "no_saved_searches_found": "معذرت! آپ نے کوئی تلاش محفوظ نہیں کی ہے۔ آپ مستقبل میں آسانی کے لئے تلاش محفوظ کر سکتے ہیں",
  "no_fav_found": "آپ نے کوئی پراپرٹی کو پسندیدہ نہیں کیاہے، اپنی مطلوبہ پراپرٹی پر نظر رکھنے کے لئے اس کو پسندیدہ کریں۔",
  "demo_version_expired": "Demo version expired",
  "contact_developer_for_latest_version": "This demo version is no longer supported, please contact your developer for newer version.",
  "language_settings": "زبان کی ترتیبات",
  "select_language": "زبان منتخب کریں",
  "about_app_description_text01": "اور",
  "about_app_description_text02": "لوگو ٹریڈمارکس ہیں",
  "about_app_description_text03": "جملہ حقوق محفوظ ہیں",
  "no_agents_found": "کوئی ایجنٹ دستیاب نہیں ہے۔",
  "no_agencies_found": "کوئی ایجنسی دستیاب نہیں ہے۔",
  "agencies": "ایجنسیاں",
  "find_agent": "ایجنٹ تلاش کریں۔",
  "find_agency": "ایجنسی تلاش کریں۔",
  "search_agent": "ایجنٹ تلاش کریں",
  "all_categories": "تمام زمرے",
  "all_cities": "تمام شہر",
  "enter_keyword": "مطلوبہ الفاظ درج کریں",
  "search_agency": "ایجنسی تلاش کریں",
  "plug_in_text": "Plug-in",
  "whatsapp": "وٹس ایپ",
  "i_saw_your_profile_on": "میں نے آپ کی پروفائل دیکھی",
  "and_wanted_to_see_if_i_can_get_some_help": "پر اور میں آپ کی خدمات کے حصول کے لئے رابطہ کرنا چاہتا ہوں.",
  "my_properties": "میری پراپرٹیز",
  "edit_property": "پراپرٹی ترمیم",
  "view_all": "تمام دیکھیں",
  "log_in_to_your_account": "اپنے اکاونٹ میں لاگ ان کریں",
  "enter_valid_email": "برائے مہربانی قابل قبول ای میل ایڈریس لکھیں",
  "password_length_at_least_eight": "پاس ورڈ کی لمبائی کم از کم 8 حروف ہونی چاہیے۔",
  "enter_phone": "براہ کرم اپنا فون نمبر درج کریں۔",
  "enter_valid_phone": "براہ کرم درست فون نمبر درج کریں۔",
  "user_name_at_least_three": "صارف کا نام کم از کم 3 حروف کا ہونا چاہیے",
  "remove_whitespace": "براہ کرم خالی جگہ والے حروف کو ہٹا دیں۔",

  "first_price": "پہلی قیمت",
  "second_price": "دوسری قیمت",
  "property_status": "پراپرٹی سٹیٹس",
  "property_unique_id": "پراپرٹی منفرد آئی ڈی",
  "pool_size": "پول کا سائز",
  "deposit": "جمع",
  "last_remodel_year": "آخری دوبارہ بنانے کا سال",
  "amenities": "سہولیات",
  "additional_rooms": "اضافی کمرے",
  "equipment": "سامان",
  "air_conditioning": "ایئر کنڈیشنگ",
  "broadband": "براڈ بینڈ",
  "intercom": "انٹرکام",
  "pay_tv": "پے ٹی وی",
  "pool": "پول",
  "security_system": "سیکیورٹی سسٹم",
  "swimming_pool": "سوئمنگ پول",
  "tv_cable": "ٹی وی کیبل",
  "wifi": "وائی فائی",
  "gym": "جم",
  "first_floor": "پہلی منزل",
  "second_floor": "دوسری منزل",
  "out_of_five": " میں سے 5)",
  "barbeque": "باربیکیو",
  "dryer": "ڈرائر",
  "laundry": "لانڈری",
  "lawn": "لان",
  "outdoor_shower": "آؤٹ ڈور شاور",
  "refrigerator": "ریفریجریٹر",
  "sauna": "سونا",
  "washer": "واشر",
  "window_coverings": "کھڑکیوں کا احاطہ",
  "author_info": "مصنف کی معلومات",
  "agent_info_choose_list": "ایجنٹ کی معلومات (نیچے دی گئی فہرست میں سے ایجنٹ کا انتخاب کریں)",
  "agency_info_choose_list": "ایجنسی کی معلومات (نیچے دی گئی فہرست میں سے ایجنسی کا انتخاب کریں)",
  "do_not_display": "ظاہر نہ کریں۔",
  "reviews_rating_out_of": "(5 میں سے {rating})",
  "property_share_msg": "ہیلو، اس پراپرٹی کو یہاں چیک کریں: {title} {url}",
  "from_camera": "کیمرے سے",
  "from_gallery": "گیلری سے",

  "select_agent": "براہ کرم فہرست سے ایجنٹ کا انتخاب کریں۔",
  "select_agency": "براہ کرم فہرست سے ایجنسی کا انتخاب کریں۔",
  "search_in_this_area": "اس علاقے میں تلاش کریں",
  "log_in_google": "گوگل لاگ ان",
  "log_in_facebook": "فیس بک لاگ ان",
  "log_in_apple": "ایپل لاگ ان",
  "log_in_phone": "فون لاگ ان",


  "draft_properties_exit_menu_title_text": "اس پراپرٹی کو بطور ڈرافٹ محفوظ کریں؟",
  "draft_properties_exit_menu_subtitle_text": "اگر آپ ابھی مسترد کرتے ہیں تو آپ اس پراپرٹی سے محروم ہو جائیں گے۔",
  "draft_properties_exit_menu_option_save": "ڈرافٹ محفوظ کریں",
  "draft_properties_exit_menu_option_discard": "پراپرٹی مسترد کریں",
  "draft_properties_exit_menu_option_keep_editing": "ترمیم جاری رکھیں",
  "draft_properties_toast_error_text": "براہ کرم پراپرٹی کا عنوان درج کریں",
  "draft_properties": "ڈرافٹ پراپرٹیز",
  "draft_properties_no_result_found_header_message": "کوئی ڈرافٹ نہیں ملا",
  "draft_properties_no_result_found_body_message": "اس صارف نے ابھی کوئی ڈرافٹ درج نہیں کیا ہے۔",
  "draft_properties_your_draft_is_saved": "آپ کا ڈرافٹ محفوظ ہو گیا ہے!",

  "whatsapp_hello_i_am_interested_in": "ٓآداب، مجھے دلچسپی ہے: {title} {url}",
  "radius_km": "رداس {km} کلومیٹر",
  "password_does_not_match" : "پاس ورڈ میچ نہیں کرتا",
  "multi_units" : "ملٹی یونٹس",

  "change_password" : "پاس ورڈ تبدیل کریں",
  "delete_account" : "اکاؤنٹ حذف کریں",
  "update_password" : "پاس ورڈ اپ ڈیٹ کریں۔",
  "delete_my_account" : "میرا اکاؤنٹ حذف کریں۔",
  "delete_account_confirmation" : "کیا آپ واقعی اپنا اکاؤنٹ حذف کرنا چاہتے ہیں؟",
  "manage_profile" : "پروفائل کا نظم کریں۔",

  "value": "ویلیو",
  "additional_feature_title_hint": "جیسے آلات",
  "additional_feature_value_hint": "گرل - گیس",
  "enter_user_type": "Enter User Type (buyer,agent etc)",
  "please_enter_keyword" : "براہ کرم مطلوبہ الفاظ درج کریں",

  "open_in_map" : "نقشے میں کھولیں۔",
  "message_already_sent" : "آپ اس پراپرٹی کے لیے پہلے ہی ایک پیغام بھیج چکے ہیں۔",

  "add_request_property": "پراپرٹی کی درخواست شامل کریں۔",
  "request_property": "جائیداد کی درخواست",

  "selected": "منتخب شدہ",

  "multi_select_drop_down_item_selected": "{count} منتخب کردہ آئٹمز",

  "region" : "علاقہ",

  "no" : "نہیں",

  "Home" : "سرورق",
  "Home 01" : "سرورق 01",
  "Home 02" : "سرورق 02",
  "Home 03" : "سرورق 03",
  "Home Carousel" : "عمودی سرورق",
  "Home Elegant" : "حسین سرورق",
  "Home Location" : "لوکیشن سرورق",
  "Home Tabbed" : "ٹیب سرورق",
  "Add Property" : "پراپرٹی اندراج",
  "Quick Add Property" : "پراپرٹی اندراج (تیز)",
  "Properties" : "پراپرٹیز",
  "Agents" : "ایجنٹ",
  "Agencies" : "ایجنسی",
  "Property Request" : "جائیداد کی درخواست",
  "Favorites" : "پسندیدہ",
  "Saved Searches" : "محفوظ شدہ تلاشیں",
  "CRM Dashboard" : "سی آر ایم ڈیش بورڈ",
  "Activities" : "سرگرمیاں",
  "Inquiries" : "انکوائیریز",
  "Deals" : "ڈیل",
  "Leads" : "لیڈز",
  "Settings" : "ترتیبات",
  "Request Demo" : "رابطہ کریں",
  "Login" : "لاگ ان",
  "Log Out" : "لاگ آوٹ",

  "Listing IDs" : "فہرست شناخت کنندگان",
  "Listing IDs Hint" : "فہرست شناخت کنندگان کو کوما سے الگ کرکے درج کریں۔",
  "OR": "یا",
  "Listing IDs Additional Hint": "مثال کے طور پر 4,5,6",

  "Select Properties" : "پراپرٹیز کو منتخب کریں۔",
  "category" : "Category",
  "add_new_agent" : "Add New Agent",
  "My Agents" : "My Agents",
  "send_email_new_user" : "Send the new user an email about their account.",
  "edit_agent" : "Edit Agent",
  "refresh": "Refresh",


  "see_all": "تمام دیکھیں",
  "author": "مصنف",
  "view_floor_plan": "فلور پلان دیکھیں >",
  "current_location": "موجودہ مقام",

  "Hello" : "ہیلو",
  "What are you looking for?": "آپ کیا تلاش کر رہے ہیں؟",

  "showing_sorted_results": "'{sort_item}' نتائج دکھا رہے ہیں",

  "edit_deal": "ڈیل میں ترمیم کریں۔",

  "view_sub_listing": "ذیلی فہرست دیکھیں >",
  "add_user": "صارف شامل کریں۔",
  "send_otp": "OTP بھیجیں۔",
  "otp_sent": "آپ کے نمبر پر OTP بھیجا جاتا ہے۔",
  "otp_verification": "OTP کی تصدیق",
  "search_property" : "پراپرٹی تلاش کریں۔"
}
