{
  "api_config_version": 1,

  "app_name": "",

  "wordpress_url_scheme": "",
  "wordpress_url_domain": "",
  "wordpress_url_path": "",

  "app_terms_url": "",
  "app_privacy_url": "",
  "app_terms_of_use_url": "",
  "wordpress_url_gdpr_agreement": "",

  "company_url": "",

  "rest_api_properties_route": "properties",
  "rest_api_agent_route": "agents",
  "rest_api_agency_route": "agencies",

  "google_map_api_key": "",

  "android_native_ad_id": "ca-app-pub-3940256099942544/22476961106",
  "ios_native_ad_id": "ca-app-pub-3940256099942544/3986624511",

  "primary_color": "#FF25ADDE",
  "secondary_color": "#FF25ADDE",
  "icon_tint_color": "#FF25ADDE",
  "bottom_tab_bar_tint_color": "#FF25ADDE",
  "slider_tint_color": "#FF25ADDE",
  "selected_item_background_color": "#4D25ADDE",
  "selected_item_text_color": "#FF25ADDE",
  "un_selected_item_text_color": "#8A000000",
  "un_selected_item_background_color": "#32808080",
  "action_button_background_color": "#FF25ADDE",
  "featured_label_background_color": "#9925ADDE",

  "lock_places_api": false,

  "show_ads": true,
  "show_login_with_facebook": true,
  "show_login_with_google": true,
  "show_login_with_apple": true,

  "show_total_search_type_options": 2,

  "home_layout": [
    {
      "section_type": "term_with_icons",
      "title": "What are you looking for?",
      "layout_design": "",
      "sub_type": "",
      "sub_type_value": "",
      "section_listing_view": "",
      "show_featured": false
    },
    {
      "section_type": "ad",
      "title": "Ad View",
      "layout_design": "",
      "sub_type": "",
      "sub_type_value": "",
      "section_listing_view": "",
      "show_featured": false
    },
    {
      "section_type": "recent_search",
      "title": "Recent Searches",
      "layout_design": "",
      "sub_type": "",
      "sub_type_value": "",
      "section_listing_view": "carousel",
      "show_featured": false
    },
    {
      "section_type": "property",
      "title": "Featured Properties",
      "layout_design": "Design # 01",
      "sub_type": "all",
      "sub_type_value": "all",
      "section_listing_view": "carousel",
      "show_featured": true
    },
    {
      "section_type": "property",
      "title": "Latest Properties",
      "layout_design": "Design # 01",
      "sub_type": "property_city",
      "sub_type_value": "all",
      "section_listing_view": "carousel",
      "show_featured": false
    },
    {
      "section_type": "term",
      "title": "Explore Cities",
      "layout_design": "Design # 02",
      "sub_type": "property_city",
      "sub_type_value": "all",
      "section_listing_view": "carousel",
      "show_featured": false
    },
    {
      "section_type": "term",
      "title": "Explore By Type",
      "layout_design": "Design # 01",
      "sub_type": "property_type",
      "sub_type_value": "all",
      "section_listing_view": "carousel",
      "show_featured": false
    },
    {
      "section_type": "agents",
      "title": "Meet Our Agents",
      "layout_design": "",
      "sub_type": "agents",
      "sub_type_value": "",
      "section_listing_view": "carousel",
      "show_featured": false
    },
    {
      "section_type": "agencies",
      "title": "Meet Our Agencies",
      "layout_design": "",
      "sub_type": "agencies",
      "sub_type_value": "",
      "section_listing_view": "carousel",
      "show_featured": false
    }
  ],

  "filter_page_layout": [
    {
      "section_type": "term_picker",
      "title": "I want to",
      "data_type": "property_status",
      "api_value": "status[]",
      "picker_type": "tabs and chips",
      "show_search_by_city": true,
      "show_search_by_location": true,
      "min_range_value": "0",
      "max_range_value": "0"
    },
    {
      "section_type": "location_picker",
      "title": "City",
      "data_type": "property_city",
      "api_value": "location[]",
      "picker_type": "full_screen",
      "show_search_by_city": true,
      "show_search_by_location": true,
      "min_range_value": "0",
      "max_range_value": "0"
    },
    {
      "section_type": "term_picker",
      "title": "Property Types",
      "data_type": "property_type",
      "api_value": "type[]",
      "picker_type": "tabs and chips",
      "show_search_by_city": true,
      "show_search_by_location": true,
      "min_range_value": "0",
      "max_range_value": "0"
    },
    {
      "section_type": "range_picker",
      "title": "Area range",
      "data_type": "area",
      "api_value": "max-area",
      "picker_type": "range slider",
      "show_search_by_city": true,
      "show_search_by_location": true,
      "min_range_value": "0",
      "max_range_value": "1000000"
    },
    {
      "section_type": "range_picker",
      "title": "Price range",
      "data_type": "price",
      "api_value": "max-price",
      "picker_type": "range slider",
      "show_search_by_city": true,
      "show_search_by_location": true,
      "min_range_value": "0",
      "max_range_value": "1000000"
    },
    {
      "section_type": "string_picker",
      "title": "Bedrooms",
      "data_type": "bedrooms",
      "api_value": "bedrooms",
      "picker_type": "chips",
      "show_search_by_city": true,
      "show_search_by_location": true,
      "min_range_value": "0",
      "max_range_value": "0"
    },
    {
      "section_type": "string_picker",
      "title": "Bathrooms",
      "data_type": "bathrooms",
      "api_value": "bathrooms",
      "picker_type": "chips",
      "show_search_by_city": true,
      "show_search_by_location": true,
      "min_range_value": "0",
      "max_range_value": "0"
    }
  ],

  "drawer_layout": [
    {
      "section_type": "home",
      "title": "Home",
      "check_login": false,
      "enable": true
    },
    {
      "section_type": "add_property",
      "title": "Add Property",
      "check_login": true,
      "enable": true
    },
    {
      "section_type": "quick_add_property",
      "title": "Quick Add Property",
      "check_login": true,
      "enable": true
    },
    {
      "section_type": "properties",
      "title": "Properties",
      "check_login": true,
      "enable": true
    },
    {
      "section_type": "agents",
      "title": "Agents",
      "check_login": false,
      "enable": true
    },
    {
      "section_type": "agencies",
      "title": "Agencies",
      "check_login": false,
      "enable": true
    },
    {
      "section_type": "request_property",
      "title": "Property Request",
      "check_login": true,
      "enable": true
    },
    {
      "section_type": "favorites",
      "title": "Favorites",
      "check_login": true,
      "enable": true
    },
    {
      "section_type": "saved_searches",
      "title": "Saved Searches",
      "check_login": true,
      "enable": true
    },
    {
      "section_type": "expansionTile",
      "title": "CRM Dashboard",
      "check_login": false,
      "enable": true,
      "expansion_tile_children": [
        {
          "section_type": "activities",
          "title": "Activities",
          "check_login": true
        },
        {
          "section_type": "inquiries",
          "title": "Inquiries",
          "check_login": true
        },
        {
          "section_type": "deals",
          "title": "Deals",
          "check_login": true
        },
        {
          "section_type": "leads",
          "title": "Leads",
          "check_login": true
        }
      ]
    },
    {
      "section_type": "settings",
      "title": "Settings",
      "check_login": false,
      "enable": true
    },
    {
      "section_type": "request_demo",
      "title": "Request Demo",
      "check_login": false,
      "enable": true
    },
    {
      "section_type": "login",
      "title": "Login",
      "check_login": false,
      "enable": true
    },
    {
      "section_type": "logout",
      "title": "Log Out",
      "check_login": false,
      "enable": true
    }

  ],

  "property_detail_page_layout": [
    {
      "widget_type": "article_images",
      "widget_title": "Property Images",
      "widget_enable": true,
      "widget_view_type": ""
    },
    {
      "widget_type": "article_title",
      "widget_title": "Title",
      "widget_enable": true,
      "widget_view_type": ""
    },
    {
      "widget_type": "article_address",
      "widget_title": "Property Address",
      "widget_enable": false,
      "widget_view_type": ""
    },
    {
      "widget_type": "article_status_price",
      "widget_title": "Status & Price",
      "widget_enable": true,
      "widget_view_type": ""
    },
    {
      "widget_type": "ad",
      "widget_title": "Ad",
      "widget_enable": true,
      "widget_view_type": ""
    },
    {
      "widget_type": "valued_features",
      "widget_title": "Features with values",
      "widget_enable": true,
      "widget_view_type": ""
    },
    {
      "widget_type": "article_features_details",
      "widget_title": "Details",
      "widget_enable": true,
      "widget_view_type": ""
    },
    {
      "widget_type": "article_features",
      "widget_title": "Features",
      "widget_enable": true,
      "widget_view_type": ""
    },
    {
      "widget_type": "article_description",
      "widget_title": "Description",
      "widget_enable": true,
      "widget_view_type": ""
    },
    {
      "widget_type": "article_address_info",
      "widget_title": "Address",
      "widget_enable": true,
      "widget_view_type": ""
    },
    {
      "widget_type": "article_map",
      "widget_title": "Static Map",
      "widget_enable": true,
      "widget_view_type": ""
    },
    {
      "widget_type": "article_floor_plans",
      "widget_title": "FloorPlans",
      "widget_enable": true,
      "widget_view_type": ""
    },
    {
      "widget_type": "article_multi_units",
      "widget_title": "Sub Listings",
      "widget_enable": true,
      "widget_view_type": "list"
    },
    {
      "widget_type": "article_contact_information",
      "widget_title": "Contact Information",
      "widget_enable": true,
      "widget_view_type": ""
    },
    {
      "widget_type": "button_grid",
      "widget_title": "Buttons",
      "widget_enable": true,
      "widget_view_type": ""
    },
    {
      "widget_type": "article_reviews",
      "widget_title": "Reviews",
      "widget_enable": true,
      "widget_view_type": ""
    },
    {
      "widget_type": "article_related_posts",
      "widget_title": "Related Properties",
      "widget_enable": true,
      "widget_view_type": "list"
    }
  ]
}